person_id,event_id,event_name,date
28508,5880,"Nudists are people who wear one-button suits.
",20170913
63713,3865,"but that's because it's the best book on anything for the layman.
",20171009
63713,3999,"        If Murphy's Law can go wrong, it will.
",20170502
63713,6436,"Old programmers never die.  They just branch to a new address.
",20170926
82998,4470,"Help a swallow land at Capistrano.
",20171022
82998,6186,"Good day to let down old friends who need help.
",20170921
82998,7364,"        Among economists, the real world is often a special case.
",20170320
31811,8542,"                -- Herbert Prochnow
",20171203
31811,4387,"The Pig, if I am not mistaken,
",20180106
61201,9621,"responsibility at the other.
",20180418
61201,1750,"A: Three.  One to screw in the lightbulb and two to fend off all those
",20180219
97207,1143,SQL Symphony Concert,20170322
97207,1143,SQL Symphony Concert,20180226
15165,811,"Minnie Mouse is a slow maze learner.
",20180116
86208,1581,"""You'll never be the man your mother was!""
",20170604
86208,8785,"                -- Lewis Carroll
",20170301
35267,1978,"the continuing viability of Fortran.
",20170917
35267,89,"Egotism is the anesthetic given by a kindly nature to relieve the pain
",20170904
35267,4464,"POP UP, PUSH DOWN, BYTE, BYTE, BYTE!
",20170820
41421,3799,"And everywhere this language went,
",20171206
33856,9325,"                -- Macy's
",20170830
84575,7454,"Screw up your courage!  You've screwed up everything else.
",20170923
84575,8442,"A professor is one who talks in someone else's sleep.
",20171102
82799,5313,"Ingrate: A man who bites the hand that feeds him, and then complains of
",20170513
82799,315,"Don't cook tonight -- starve a rat today!
",20180214
82799,5963,"meant to be discarded:  That the whole point is to always see it as a
",20170425
96790,2506,"Experience is that marvelous thing that enables you recognize a
",20180421
66493,816,"Just because your doctor has a name for your condition doesn't mean he
",20171211
46263,9167,"Diplomacy is the art of saying ""nice doggy"" until you can find a rock.
",20170417
46263,2559,"USER n.: A programmer who will believe anything you tell him.
",20170117
46263,8995,"                -- Charlie McCarthy
",20170819
98744,1097,"asked the father of his little son.
",20170818
98744,3826,"FLASH!  Intelligence of mankind decreasing.  Details at ... uh, when
",20171018
54263,1581,"Dealing with failure is easy:  Work hard to improve.  Success is also
",20170822
54263,4837,"Real Programmers don't document.  Documentation is for simps who can't read the
",20170612
54263,2270,"Gives us ham and pork and Bacon.
",20180216
62764,1925,"        other.
",20171121
62764,2993,"if it were so, it would be; but as it isn't, it ain't.  That's logic!""
",20171014
54206,2924,"out of a divorce.
",20170830
54206,346,"Avoid reality at all costs.
",20171123
54206,232,"Only adults have difficulty with childproof caps.
",20170118
63126,1600,"If you think last Tuesday was a drag, wait till you see what happens
",20170427
16725,9035,"ends.
",20170225
16725,4029,"Now, GC, for the nonce,
",20171128
16725,4652,"     An unbreakable toy is useful for breaking other toys.
",20170823
34615,1087,"Good day for a change of scene.  Repaper the bedroom wall.
",20170822
10007,6447,"Green light in A.M. for new projects.  Red light in P.M. for traffic
",20170925
10007,4273,"Modern man is the missing link between apes and human beings.
",20171017
58408,9103,"Your analyst has you mixed up with another patient.  Don't believe a
",20170211
44542,8416,"bread.
",20180411
44542,587,"analyzed, and replaced with new weaknesses.
",20170707
25224,5089,"                -- W. C. Fields
",20170810
96520,8784,"Good advice is something a man gives when he is too old to set a bad
",20171218
96520,6658,"In a five year period we can get one superb programming language.  Only
",20180224
96520,7676,"As far as the laws of mathematics refer to reality, they are not
",20170921
65564,4681,"Vital papers will demonstrate their vitality by spontaneously moving
",20171112
65564,7272,"Q: How many heterosexual males does it take to screw in a light bulb in
",20170624
65564,1194,"    ""All flesh is grass""
",20170508
33355,9288,"How many tech writers does it take to change a lightbulb?
",20180417
33355,1973,"He sure is a fun god
",20171205
41899,2953,"                -- F. P. Jones
",20170608
41899,7130,"The earth is like a tiny grain of sand, only much, much heavier.
",20171209
41899,7401,"Real Programmers don't write in FORTRAN.  FORTRAN is for pipe stress freaks and
",20180423
84695,9007,"        The one who has the gold makes the rules.
",20170302
84695,4448,"What use is magic if it can't save a unicorn?
",20171222
14087,8418,"Earn cash in your spare time -- blackmail your friends
",20171203
14087,8342,"Christ: A man who was born at least 5,000 years ahead of his time.
",20170118
14087,811,"Tomorrow will be canceled due to lack of interest.
",20180404
44789,8316,"I can't complain, but sometimes I still do.
",20180310
44789,3382,"There was a young lady from Hyde
",20170108
44789,8883,"price went up.  The label ""ALL NEW"", ""COMPLETELY NEW"", or ""GREAT NEW""
",20170812
43673,8522,"thing he tells you.
",20170520
43673,4354,"There is no time like the present for postponing what you ought to be
",20170130
43673,8559,"America may be unique in being a country which has leapt from barbarism
",20170530
10252,6595,"The past always looks better than it was.  It's only pleasant because
",20170608
10252,8306,"Q: How many IBM cpu's does it take to do a logical right shift?
",20171004
10252,5415,"to decadence without touching civilization.
",20180116
13861,3750,"Let Einstein be!"" restored the status quo.
",20171114
36487,786,"How many hardware engineers does it take to change a lightbulb?
",20170714
96956,341,"nails.
",20170901
96956,2659,"Death is nature's way of telling you to slow down
",20170804
96956,7995,"        If Murphy's Law can go wrong, it will.
",20170807
13759,8063,"Vote anarchist
",20170114
74158,7297,"                -- Amalgamated Plastic Surgeons and Toolmakers, Ltd.
",20170520
59453,9624,"        When told this was so,
",20170420
59453,1396,"Nature and nature's laws lay hid in night,
",20170617
59453,2195,"once.
",20170923
21408,5468,"Democracy is a form of government in which it is permitted to wonder
",20170209
21408,5925,"Old soldiers never die.  Young ones do.
",20170203
21408,8773,"climbing boots to work in case a  mountain should suddenly spring up in the
",20171126
95437,2241,"        it wasn't worth doing.
",20170726
95437,6503,"hour!""
",20171029
57234,6653,"        If you are given a take-home exam, you will forget where you
",20170506
57234,8629,"Man is the only animal that blushes -- or needs to.
",20170717
61749,7258,"You might as well live.
",20180109
61749,2755,"And drugs cause cramp.
",20171221
94461,9122,"A language that doesn't affect the way you think about programming is
",20170408
30078,7245,"Don't worry over what other people are thinking about you.  They're too
",20170403
30078,4687,"described with pictures.
",20170328
65870,3734,"There once was a girl named Irene
",20170410
98581,2809,"You patch a bug, and dump it again:
",20170710
98581,493,"Xerox never comes up with anything original.
",20170704
23035,6765,"happens.
",20171210
23035,3629,"Future looks spotty.  You will spill soup in late evening.
",20171217
23035,388,"Conscience is the inner voice that warns us somebody is looking
",20171218
49707,7466,"                -- Oscar Wilde
",20170416
17543,8548,"If you think last Tuesday was a drag, wait till you see what happens
",20180407
17543,3009,"Don't knock President Fillmore.  He kept us out of Vietnam.
",20171225
17543,8724,"of another.
",20170901
92433,1143,SQL Symphony Concert,20170821
92433,1143,SQL Symphony Concert,20180327
22036,3351,"Just because you're paranoid doesn't mean they AREN'T after you.
",20170113
22036,2863,"And this was very odd, because it was
",20170807
22036,5157,"Save energy: be apathetic.
",20180305
18970,1033,"The men sat sipping their tea in silence.  After a while the klutz
",20180210
18970,9414,"exciting Delaware, New Jersy. (Home of Barry Fletcher!)
",20170611
18970,7107,"""Calvin Coolidge was the greatest man who ever came out of Plymouth
",20180313
76489,5162,"executive.
",20171014
76489,8629,"        You can make it foolproof, but you can't make it
",20170604
76489,5493,"Accident: A condition in which presence of mind is good, but absence of
",20170418
19421,8902,"                -- F. P. Jones
",20180302
59914,8522,"1st customer: ""I'll have tea.""
",20171010
75331,1894,"POP UP, PUSH DOWN, BYTE, BYTE, BYTE!
",20170609
75331,6154,"POP UP, PUSH DOWN, BYTE, BYTE, BYTE!
",20171025
95548,6156,"aureomycin, cocaine, interferon, and TLC.  The only ailment chicken
",20170806
95548,2559,"But only what I tell it.
",20170105
56181,1783,"Real Programmers' programs never work right the first time.  But if you throw
",20170206
56181,9177,"                -- Yiddish saying
",20170624
56181,1396,"Oh, let us never, never doubt
",20171217
48712,4464,"Earn cash in your spare time -- blackmail your friends
",20170505
48712,6437,"                -- Jules de Gaultier
",20170103
48712,3441,"Earn cash in your spare time -- blackmail your friends.
",20171218
69965,3244,"        In any organization there will always be one person who knows
",20171225
69965,446,"Alimony is a system by which, when two people make a mistake, one of
",20170414
96229,6379,"        Anything that can go wr
",20171026
26130,3997,"                --Oscar Wilde
",20170111
74708,9773,"Vital papers will demonstrate their vitality by spontaneously moving
",20170502
23260,1171,"Only adults have difficulty with childproof caps.
",20180130
23260,124,"        This person must be fired.
",20180309
23260,4062,"        (Waiter exits, returns)
",20180204
85594,7758,"                   ""Register Allocation in Optimizing Compilers""
",20170304
85594,6131,"In a five year period we can get one superb programming language.  Only
",20170419
69003,1542,"Automobile: A four-wheeled vehicle that runs up hills and down
",20171227
69003,6015,"None.  The Universe spines the bulb, and the Zen master stays out of
",20170204
78804,6589,"There was a young poet named Dan,
",20180207
51605,1144,"returns of conjecture out of such a trifling investment of fact.
",20170615
51605,8932,"tickets.
",20180119
54518,1468,"            once.
",20171207
54518,1926,"The average woman would rather have beauty than brains, because the
",20171219
10654,1909,"they ought to be.  Hence the custom among the Scythians of plucking out
",20180305
20267,1909,"                -- Macy's
",20170417
20267,5493,"are 50-50 it will.
",20170517
20267,8864,"government at all.
",20170306
73127,1087,"A computer, to print out a fact,
",20180205
73127,2924,"100 blocks of crud!
",20170401
73127,8118,"ends.
",20170917
78321,7349,"Gives us ham and pork and Bacon.
",20180215
78321,5396,"Turnaucka's Law:
",20180227
20524,5865,"The meek shall inherit the earth -- they are too weak to refuse.
",20171022
20524,3570,"are 50-50 it will.
",20170610
17957,4069,"        Support your right to bare arms!
",20171208
17957,1909,"1st customer: ""I'll have tea.""
",20180226
17957,1978,"                -- John Barrymore's dying words
",20170609
48348,3629,"Who do you trust?
",20171215
48348,8010,"A: Three.  One to screw in the lightbulb and two to fend off all those
",20170808
74731,3570,"and wants it back the minute it begins to rain.
",20171108
74731,2677,"FLASH!  Intelligence of mankind decreasing.  Details at ... uh, when
",20170327
74731,5517,"Limericks are art forms complex,
",20170511
97671,8666,"Coward: One who in a perilous emergency thinks with his legs.
",20170824
97671,6625,"If the input was short of exact.
",20171103
97671,2338,"None: ""The user can work it out.""
",20170116
10968,6801,"The earth is like a tiny grain of sand, only much, much heavier.
",20170402
10968,5282,"Duct tape is like the force.  It has a light side, and a dark side, and
",20170502
10968,6085,"Excellent day to have a rotten day.
",20170927
13692,6636,"
",20170518
13692,3199,"have a lucky day this year.
",20171020
20655,3750,"Perhaps, unless the billboards fall
",20170420
20655,6964,"How many losses at Project MAC?
",20170123
11197,1302,"When someone says ""I want a programming language in which I need only
",20170421
11197,7035,"        If an idea can survive a bureaucratic review and be implemented
",20180105
51790,7684,"    ""All flesh is grass""
",20171213
51790,5388,"How long a minute is depends on which side of the bathroom door you're on.
",20170724
49911,5810,"it made.
",20170119
49911,2207,"Genius may have its limitations, but stupidity is not thus
",20170125
89135,1811,"        Western Civilization?
",20170729
89135,4476,"Afternoon: That part of the day we spend worrying about how we wasted
",20170707
73646,4235,"                -- Jules de Gaultier
",20180426
73646,7315,"Dying is a very dull, dreary affair.  And my advice to you is to
",20170528
62783,4754,"there is nothing in it.
",20170823
62783,9583,"                -- Mark Twain
",20180109
62783,7401,"You will be surprised by a loud noise.
",20171109
90080,6884,"have a lucky day this year.
",20180418
33793,6852,"                -- Maxwell Smart
",20170416
33793,9784,"slandered.
",20180205
33793,4554,"Lie: A very poor substitute for the truth, but the only one discovered
",20170319
97633,70,"Naeser's Law:
",20180405
97633,8279,"You might as well live.
",20180214
97633,1782,"programming languages.
",20180301
82421,124,"        There is a slight loss of parity.
",20170727
82421,9828,"        While her lover lamented
",20180324
82421,9319,"Every hack had seven bugs;
",20170317
10914,8939,"                -- Kehlog Albran
",20170404
10914,6020,"If God had wanted you to go around nude, He would have given you bigger
",20170223
10914,916,"criticize, but if everybody hated you, you'd be paranoid too.
",20170917
51184,7349,"
",20170608
34086,924,"Acid -- better living through chemistry.
",20180411
34086,7454,"""If you go on with this nuclear arms race, all you are going to do is
",20180220
34086,2033,"Razors pain you;
",20180301
26263,4062,"        ""And what will you do when you grow up to be as big as me?""
",20171016
26263,8187,"In the long run, every program becomes rococo, and then rubble.
",20180423
26263,8360,"                -- Maxwell Smart
",20180102
34757,4464,"Whenever people agree with me I always feel I must be wrong.
",20170727
46117,7236,"Got Mole problems?
",20170228
46117,3251,"Another good night not to sleep in a eucalyptus tree.
",20180122
11059,2958,"computer crashes.
",20170205
34722,9362,"
",20170612
34722,8925,"Fairy Tale: A horror story to prepare children for the newspapers.
",20170723
34722,4429,"        It's made by our favorite monopoly!
",20170802
75665,9250,"A university is what a college becomes when the faculty loses interest
",20170924
53269,5593,"God made the Idiot for practice, and then He made the School Board
",20170924
11015,5772,"Time flies like an arrow
",20180129
11015,624,"Life is like an onion: you peel off layer after layer, then you find
",20171002
11015,6701,"Remember, UNIX spelled backwards is XINU.
",20170303
48639,5155,"People will buy anything that's one to a customer.
",20170105
48639,4781,"visible signs of his divine right to be blown skyhigh with a dynamite
",20180316
17183,3322,"Today is the first day of the rest of the mess
",20170623
17183,7841,"Real Programmers don't write in BASIC.  Actually, no programmers write in BASIC
",20170213
17183,4576,"today.
",20170406
56580,4291,"Nostalgia isn't what it used to be.
",20170729
56580,2863,"Will divide, multiply, and subtract.
",20180408
56580,3885,"Let others think his heart is big,
",20180319
89123,4884,"bogglingly big it is.  I mean, you may think it's a long way down the
",20170329
65076,8902,"sane.""
",20170213
65076,7156,"Real Programmers don't write in FORTRAN.  FORTRAN is for pipe stress freaks and
",20170624
50176,7478,"Violence is the last refuge of the incompetent.
",20170807
50176,7305,"                -- Bill Hoest
",20170525
90251,5727,"Worst Vegetable of the Year: The brussels sprout.  This is also the
",20180425
90251,3992,"""Why isn't there a special name for the tops of your feet?""
",20170202
48656,4149,"""The climate of Bombay is such that its inhabitants have to live
",20170821
48656,3244,"Acid -- better living through chemistry.
",20170623
48656,6589,"it's because they were up all night.
",20170902
64769,7271,"Death is life's way of telling you you've been fired.
",20170211
64769,1567,"                -- Albert Einstein
",20170629
73509,5011,"Stay away from flying saucers today.
",20180108
73509,3266,"Why did the Lord give us so much quickness of movement unless it was to
",20170622
11161,4520,"by the number of people in the group.
",20170816
11161,9626,"There is no time like the present for postponing what you ought to be
",20170401
11161,134,"that I can.""
",20170405
49234,2033,"Life is like an onion: you peel off layer after layer, then you find
",20171002
50931,4331,"Keep emotionally active.  Cater to your favorite neurosis.
",20170718
50931,9159,"""He was so narrow minded he could see through a keyhole with both
",20170803
34473,2295,"Perhaps, unless the billboards fall
",20180426
34473,4485,"the morning.
",20170426
34473,8059,"A.A.A.A.A.: An organization for drunks who drive
",20170615
59581,1999,"How long a minute is depends on which side of the bathroom door you're on.
",20180321
50705,4674,"Symptoms, manifestations, bugs, and hacks,
",20170719
16858,8249,"Adult: One old enough to know better.
",20180112
16858,7822,"        Thy programs run, thy syscalls done,
",20170928
16858,9432,"certain; and as far as they are certain, they do not refer to reality.
",20170914
65907,9319,"                -- ""The Hitchhiker's Guide to the Galaxy""
",20170423
65907,2716,"Hummingbirds never remember the words to songs.
",20170630
65907,8759,"harder.
",20171111
11470,9472,"computer crashes.
",20170127
57469,4387,"        other.
",20171008
71632,8569,"            once.
",20180308
71632,6612,"        They usually have virgins,
",20180321
71632,658,"find at least two human errors, including the error of blaming it on
",20171007
46925,1519,"        1.  If reproducibility may be a problem, conduct the test only
",20170622
46925,845,"Democracy is a form of government in which it is permitted to wonder
",20170410
31538,7937,"Their topics run chiefly to sex.
",20170319
84561,9917,"average man can see better than he can think.
",20170313
84561,1994,"Accordion: A bagpipe with pleats.
",20170824
73315,2755,"Gives us ham and pork and Bacon.
",20180407
73315,1290,"to decadence without touching civilization.
",20171106
73315,8468,"        Superiority is recessive.
",20170424
93531,4143,"What the hell, go ahead and put all your eggs in one basket.
",20171008
93531,3865,"                -- Clarence Darrow
",20170720
21720,8515,"ends.
",20170305
41653,737,"to worry.
",20170606
41334,2986,"It's because I try to put every possible syllable into that last line
",20170523
41334,8798,"responsibility at the other.
",20171121
20640,9712,"Limericks are art forms complex,
",20171112
62265,6178,"them on the machine they can be patched into working in ""only a few"" 30-hour
",20171115
62265,9406,"        It runs all its programs in RPG!
",20171004
49020,2167,"When the government bureau's remedies do not match your problem, you
",20180226
49020,183,"Our OS who art in CPU, UNIX be thy name.
",20170508
28217,8109,"Who lived on distilled kerosene
",20170106
28217,4683,"Will divide, multiply, and subtract.
",20170201
28217,6579,"Never try to outstubborn a cat.
",20171004
44558,4461,"in the morning, and does not stop until you get to school.
",20180414
67481,7535,"Horngren's Observation:
",20170313
33944,8233,"When the government bureau's remedies do not match your problem, you
",20170109
53486,4072,"The only way to get rid of a temptation is to yield to it.
",20170726
53486,1673,"        The mouse dissolved
",20180421
59511,9375,"The earth is like a tiny grain of sand, only much, much heavier.
",20170204
59511,4464,"find at least two human errors, including the error of blaming it on
",20170503
88952,1143,SQL Symphony Concert,20170918
88952,1143,SQL Symphony Concert,20171016
88952,1143,SQL Symphony Concert,20171031
88952,1143,SQL Symphony Concert,20170526
46781,8057,"lightly greased.""
",20171010
46781,8727,"Stay away from hurricanes for a while.
",20171120
46781,1998,"Call Avogardo 6.02 x 10^23
",20171208
43331,3851,"                -- Groucho Marx
",20170423
43331,6156,"You patch a bug, and dump it again:
",20171113
43331,5616,"It seems like the less a statesman amounts to, the more he loves the
",20170522
68352,6063,"A language that doesn't affect the way you think about programming is
",20171210
73373,517,"Don't tell any big lies today.  Small ones can be just as effective.
",20170821
73373,9353,"Majority: That quality that distinguishes a crime from a law.
",20170224
73373,7535,"""That must be wonderful!  I don't understand it at all.""
",20171030
84318,1923,"Truth will be out this morning.  (Which may really mess things up.)
",20180326
84318,8335,"                -- John O'Hara
",20170816
84318,5201,"...And malt does more than Milton can
",20170617
77396,3251,"you are going to see of him until he emerges on the other side of his
",20171226
30771,6986,"""Matrimony isn't a word, it's a sentence.""
",20170201
30771,8468,"Why did the Roman Empire collapse?  What is the Latin for office
",20170324
30771,4723,"bogglingly big it is.  I mean, you may think it's a long way down the
",20170827
30887,9273,"""All my friends and I are crazy.  That's the only thing that keeps us
",20170325
30887,6148,"A: Three.  One to screw in the lightbulb and two to fend off all those
",20171201
98797,6999,"honorable gentleman is a scurvy cur.""
",20171228
98797,712,"
",20180120
64827,276,"in eucalyptus trees.
",20170606
64827,1365,"POP UP, PUSH DOWN, BYTE, BYTE, BYTE!
",20180409
64827,9167,"flag.
",20170622
82643,9570,"Let others think his heart is big,
",20171023
82643,8442,"                -- La Rouchefoucauld
",20170223
82643,7156,"        If Murphy's Law can go wrong, it will.
",20180330
36731,5294,"the computer.
",20171109
36731,5851,"None: ""We'll fix it in software.""
",20170302
68787,6072,"Don't tell any big lies today.  Small ones can be just as effective.
",20170905
68787,346,"How many software engineers does it take to change a lightbulb?
",20170201
68787,4938,"The National Short-Sleeved Shirt Association says:
",20180103
16558,3244,"                -- Mark Twain
",20171212
16558,3053,"analyzed, and replaced with new weaknesses.
",20171026
74135,3490,"Death is life's way of telling you you've been fired.
",20180303
74135,8341,"Caution: breathing may be hazardous to your health.
",20170922
74135,3199,"                -- Adlai Stevenson
",20170612
67501,9346,"Losing your drivers' license is just God's way of saying ""BOOGA, BOOGA!""
",20180407
67501,8785,"        except study for that instructor's course.
",20170818
69482,1728,"                -- Mark Twain
",20170710
69482,4859,"the continuing viability of Fortran.
",20170630
69482,126,"                -- Bellamy Brooks
",20170622
10946,174,"Our country has plenty of good five-cent cigars, but the trouble is
",20180212
47740,2089,"fix it, and ...
",20171218
11385,8548,"I'm prepared for all emergencies but totally unprepared for everyday
",20170729
11385,8383,"Good day for a change of scene.  Repaper the bedroom wall.
",20171225
11385,4993,"""In short, _N is Richardian if, and only if, _N is not Richardian.""
",20171105
49342,8663,"""Now is the time for all good men to come to.""
",20170617
49342,5922,"I'm not as think as you stoned I am.
",20170129
49342,6393,"""All my friends and I are crazy.  That's the only thing that keeps us
",20170213
89916,4072,"""All my friends and I are crazy.  That's the only thing that keeps us
",20171113
45812,3072,"Conway's Law:
",20171224
45812,6938,"full days you don't get.  Try to avoid Februarys whenever possible.
",20171216
21134,7737,"Ass: The masculine of ""lass"".
",20180216
21134,2792,"""Stealing a rhinoceros should not be attempted lightly.""
",20180308
21134,2924,"IBM had a PL/I,
",20171212
58907,9414,"""Stealing a rhinoceros should not be attempted lightly.""
",20180225
58907,1926,"When the government bureau's remedies do not match your problem, you
",20180418
58907,9388,"God said, ""Let Newton be,"" and all was light.
",20170119
97362,6801,"Good day to let down old friends who need help.
",20171029
18108,11,"        Its syntax worse than JOSS;
",20171207
45776,8504,"I think that I shall never see
",20180409
26676,3490,"The Second Law: The most you can accomplish by working is to break
",20180308
26676,8004,"        If an idea can survive a bureaucratic review and be implemented
",20170204
44776,1229,"""Just once, I wish we would encounter an alien menace that wasn't
",20170409
44776,537,"aloud what the country could do under first-class management.
",20171005
44776,85,"tobacco in between.
",20170319
11062,3629,"Happiness: An agreeable sensation arising from contemplating the misery
",20170625
11062,4534,"computer crashes.
",20170512
11062,5269,"                -- Lewis Carroll
",20170209
49553,8612,"A LISP programmer knows the value of everything, but the cost of
",20170409
15211,8569,"If time heals all wounds, how come the belly button stays the same?
",20170505
15211,4137,"And made cider inside her inside.
",20180127
15211,5982,"Nothing is faster than the speed of light...
",20170810
99106,8727,"                -- John Barrymore's dying words
",20171230
99106,9974,"Die?  I should say not, dear fellow.  No Barrymore would allow such a
",20170907
99106,6156,"To prove this to yourself, try opening the refrigerator door before
",20180306
59076,5468,"                -- Lazarus Long
",20170430
93928,3623,"Razors pain you;
",20180414
69859,5157,"        2.  If a straight line fit is required, obtain only two data
",20171230
69859,2059,"Advertisement: The most truthful part of a newspaper
",20170308
69859,1200,"Perfect day for scrubbing the floor and other exciting things.
",20180425
63794,8727,"Californians trying to share the experience.
",20180124
56334,6148,"        when someone inadvertently opens the darkroom door and all of
",20170213
39280,5606,"of being a damned fool.
",20171013
51629,9273,"                -- Mickey Mouse
",20170118
96804,4318,"                -- Joe Walsh
",20180107
96804,5536,"their destitution of conscience.
",20170602
96804,2581,"                -- D. J. Hicks
",20180219
76797,8559,"McGowan's Madison Avenue Axiom:
",20171013
62806,7995,"Only God can make random selections.
",20180224
91893,7416,"                -- Mark Twain
",20171209
91893,3415,"Do not take life too seriously; you will never get out if it alive.
",20170602
37903,6114,"Oh, let us never, never doubt
",20170309
37903,7259,"        reject the proposal.
",20170416
59131,9434,"I'm prepared for all emergencies but totally unprepared for everyday
",20170119
59131,746,"Die: To stop sinning suddenly.
",20171225
83986,9159,"                -- Hawkwind
",20170709
60957,3810,"Nature and nature's laws lay hid in night,
",20180130
59060,6229,"enough cheese
",20171202
59060,8605,"slandered.
",20171125
33193,9780,"        hits the paper.
",20170912
33193,5851,"Others will look to you for stability, so hide when you bite your
",20170928
36669,8642,"The only way to get rid of a temptation is to yield to it.
",20170221
36669,6843,"doing.
",20170319
36669,1093,"indigestion.
",20170807
27485,9126,"Good day to avoid cops.  Crawl to school.
",20170416
27485,6722,"                -- Clint Eastwood
",20170614
27485,9776,"
",20170417
85272,2433,"There cannot be a crisis next week.  My schedule is already full.
",20170611
85272,3878,"say what I wish done,"" give him a lollipop.
",20171005
85272,9159,"Triple-Iso-Bifurcated-Krypton-Gate-MOS process...""
",20180227
68219,8034,"shortest, though.
",20180124
68219,924,"Computer programmers do it byte by byte
",20170319
68219,9267,"        instructor will assign 200 pages on planaria.
",20180123
53063,2924,"        All the easy problems have been solved.
",20170527
53063,6869,"Brain fried -- Core dumped
",20170521
68458,2924,"                -- A. E. Housman
",20170103
68458,2210,"                -- Bill Hoest
",20170922
68458,3900,"Ra!  Ra!  Ra!
",20171019
96266,988,"But only what I tell it.
",20170430
52739,5606,"Corner, Vermont.""
",20180118
52739,1344,"Caution: breathing may be hazardous to your health.
",20180219
29826,134,"Admiration: Our polite recognition of another's resemblance to
",20171217
85937,515,"Reality is an obstacle to hallucination.
",20180106
75716,8029,"I can resist anything but temptation.
",20171020
75716,574,"Science is what happens when preconception meets verification.
",20170313
75716,5101,"                -- Kehlog Albran
",20180202
18309,8025,"Why did the Lord give us so much quickness of movement unless it was to
",20180418
42113,6517,"Presidents and Kings to the scum of the earth...""
",20180303
42113,3007,"Mollison's Bureaucracy Hypothesis:
",20170221
42113,4354,"It was the reader's CONS
",20180131
47204,816,"I must have slipped a disk -- my pack hurts
",20170614
47204,7275,"        In any organization there will always be one person who knows
",20171212
84292,8082,"It is the business of the future to be dangerous.
",20170928
78795,3581,"Would you like to play Global Thermo-nuclear War?
",20170601
78795,4993,"What this country needs is a good five cent ANYTHING!
",20170705
78795,3595,"                -- Carl Zwanzig
",20180209
56027,1290,"How long a minute is depends on which side of the bathroom door you're on.
",20180323
56027,6656,"If you make people think they're thinking, they'll love you; but if you
",20170220
76132,1960,"they charge fifteen cents for them.
",20170224
61375,1878,"If you put garbage in a computer nothing comes out but garbage.  But
",20171120
35311,7236,"You cannot kill time without injuring eternity.
",20170419
35311,3072,"Your analyst has you mixed up with another patient.  Don't believe a
",20171103
35311,1483,"Consultants are mystical people who ask a company for a number and then
",20171203
38907,4681,"""I am not an Economist.  I am an honest man!""
",20180424
38907,8698,"Keep grandma off the streets -- legalize bingo.
",20170401
52297,5606,"Earn cash in your spare time -- blackmail your friends.
",20170508
52297,8152,"poor to protect them from each other.
",20170214
41484,4448,"See how it runs!  See how it runs!
",20170626
12178,1404,"                -- Eleanor Roosevelt
",20170821
12178,6702,"                -- Groucho Marx
",20170110
12178,2403,"Signs of crime: screaming or cries for help.
",20170925
60886,4318,"Never let your child play with a loaded carp.
",20170706
60886,8068,"It was a book to kill time for those who liked it better dead.
",20180125
60886,1851,"The IQ of the group is the lowest IQ of a member of the group divided
",20170113
74332,2731,"Shining with all his might:
",20170715
74332,1574,"Silverman's Law:
",20170402
74332,124,"Beware of low-flying butterflies.
",20170621
41914,8442,"        Its syntax worse than JOSS;
",20170114
22369,2918,"Don't go surfing in South Dakota for a while.
",20171017
42815,2177,"
",20171115
25814,5982,"him up.
",20170525
25814,9373,"Electrocution: Burning at the stake with all the modern improvements.
",20170622
91065,2241,"        In any organization there will always be one person who knows
",20170520
95491,9876,"Whether you can hear it or not
",20170810
95491,5023,"You patch a bug, and dump it again:
",20170821
36563,5269,"     ""Like a bowl of sour cream?"" asked the other.  ""Why?""
",20171112
36563,6965,"Stop searching.  Happiness is right next to you.  Now, if they'd only
",20180103
91302,7990,"It was the reader's CONS
",20170319
89343,4612,"        But the good ones I've seen
",20170715
89343,8538,"43rd Law of Computing:
",20171207
72648,6801,"Things will be bright in P.M.  A cop will shine a light in your face.
",20180206
72648,2918,"WHERE CAN THE MATTER BE
",20180129
72648,786,"99 blocks of crud!
",20170721
69333,9520,"You patch a bug, and dump it again:
",20170312
69333,4029,"                -- Finley Peter Dunne (Mr. Dooley)
",20170219
69333,4331,"Real Programmers never work 9 to 5.  If any real programmers are around a 9 AM,
",20170730
55598,2365,"Oh, let us never, never doubt
",20170309
55598,8538,"What the hell, go ahead and put all your eggs in one basket.
",20171206
55598,7498,"It is easier to get forgiveness than permission.
",20180405
14532,9589,"Now, GC, for the nonce,
",20170117
67045,4290,"Majority: That quality that distinguishes a crime from a law.
",20170906
97245,3139,"Anarchy may not be the best form of government, but it's better than no
",20170825
84066,5715,"Absentee: A person with an income who has had the forethought to remove
",20170902
84066,6572,"""Now is the time for all good men to come to.""
",20170725
84066,6004,"Perhaps, unless the billboards fall
",20170801
83673,3810,"Excellent time to become a missing person.
",20170912
83673,7275,"Corner, Vermont.""
",20171007
83673,5135,"I think it stupid of the Pig.
",20180311
55804,1077,"""Why isn't there a special name for the tops of your feet?""
",20180218
55804,3232,"                -- Lewis Carroll
",20171115
55804,1106,"
",20180122
84819,2633,"Love at first sight is one of the greatest labor-saving devices the
",20170921
84819,1625,"A: 33.  1 to hold the bits and 32 to push the register.
",20180308
84819,4702,"Alexander Graham Bell is alive and well in New York, and still waiting
",20171110
73141,3998,"        If an idea can survive a bureaucratic review and be implemented
",20170221
73141,5922,"God made the Idiot for practice, and then He made the School Board
",20170204
73141,6127,"                -- Macy's
",20170814
39426,8995,"Beware of low-flying butterflies.
",20170801
39426,4387,"In a chronodimensional skip.
",20170808
54867,6852,"If at first you don't succeed, give up, no use being a damn fool.
",20180327
54867,4804,"How many software engineers does it take to change a lightbulb?
",20170123
44733,3251,"if it were so, it would be; but as it isn't, it ain't.  That's logic!""
",20170511
44733,9768,"He looked at me as if I was a side dish he hadn't ordered.
",20170521
29338,9677,"        But this output can be
",20180330
29338,2984,"Adult: One old enough to know better.
",20170820
60974,493,"Hummingbirds never remember the words to songs.
",20180324
60974,9712,"affairs has always been dominant and controlling.
",20170930
60974,7454,"""I just need enough to tide me over until I need more.""
",20171216
36829,8040,"""That must be wonderful!  I don't understand it at all.""
",20170711
36829,1649,"Space is big.  You just won't believe how vastly, hugely, mind-
",20171213
36829,3734,"in students.
",20170327
82606,1978,"You worry too much about your job.  Stop it.  You are not paid enough
",20170110
82606,7310,"Real Programmers don't write application programs; they program right down on
",20170121
82606,8361,"Today is the tomorrow you worried about yesterday
",20171102
46163,6148,"Losing your drivers' license is just God's way of saying ""BOOGA, BOOGA!""
",20170508
22268,8873,"God isn't dead, he just couldn't find a parking place.
",20170129
22268,8650,"Reality is an obstacle to hallucination.
",20180424
22268,5388,"Eggheads unite!  You have nothing to lose but your yolks.
",20180219
93699,5512,"                -- Mark Twain
",20170322
93699,8798,"""Matrimony isn't a word, it's a sentence.""
",20170726
93699,5605,"Is it possible that software is not like anything else, that it is
",20171004
38006,7331,"They're only trying to make me LOOK paranoid!
",20171201
49286,622,"Truth will be out this morning.  (Which may really mess things up.)
",20180414
49286,746,"One good reason why computers can do more work than people is that they
",20171029
49286,932,"shoes.
",20171112
80156,482,"really make them think they'll hate you.
",20170117
80156,2227,"Modern man is the missing link between apes and human beings.
",20170107
27590,2993,"by the number of people in the group.
",20171206
27590,8442,"                -- Oscar Wilde
",20170702
68586,4318,"change.
",20170723
68586,493,"WHERE CAN THE MATTER BE
",20170618
75555,9188,"
",20180215
28166,1143,SQL Symphony Concert,20170903
28166,1143,SQL Symphony Concert,20170328
28166,1143,SQL Symphony Concert,20170407
18111,418,"aureomycin, cocaine, interferon, and TLC.  The only ailment chicken
",20171023
18111,446,"Children are natural mimic who act like their parents despite every
",20170801
18111,1033,"Lunatic Asylum: The place where optimism most flourishes.
",20170315
42818,3770,"Good news.  Ten weeks from Friday will be a pretty good day.
",20170427
95511,2809,"Chicken Little was right.
",20170524
95511,5151,"Van Roy's Law:
",20170219
95511,9246,"                -- Foolish Dictionary
",20171029
12378,7245,"If God had wanted you to go around nude, He would have given you bigger
",20170112
12378,2506,"        Superiority is recessive.
",20170707
65815,2089,"Just because you're paranoid doesn't mean they AREN'T after you.
",20180316
65815,9110,"The average woman would rather have beauty than brains, because the
",20170809
46697,9934,"I'll never see a tree at all.
",20170511
46697,9137,"If you have a procedure with 10 parameters, you probably missed some.
",20170822
22085,1046,"        hits the paper.
",20170522
68889,9624,"        If you hit two keys on the typewriter, the one you don't want
",20170120
68889,1410,"We wish you a Hare Krishna
",20171001
68889,6659,"In the long run, every program becomes rococo, and then rubble.
",20171008
92692,212,"It was the reader's CONS
",20180127
92692,8666,"                -- ""The Hitchhiker's Guide to the Galaxy""
",20170727
65661,1552,"If you think last Tuesday was a drag, wait till you see what happens
",20170616
98773,7780,"at the steam fitters' picnic.
",20180106
98773,7937,"described with pictures.
",20170309
67825,5255,"There is only one thing in the world worse than being talked about, and
",20170711
35324,8548,"McGowan's Madison Avenue Axiom:
",20170412
35324,2338,"A year spent in artificial intelligence is enough to make one believe
",20170901
24087,3998,"Take not a single bit!
",20180217
24087,9771,"Things are more like they used to be than they are now.
",20180113
57774,6801,"Electrocution: Burning at the stake with all the modern improvements.
",20170222
57774,2513,"automation?
",20170710
22874,7637,"Message will arrive in the mail.  Destroy, before the FBI sees it.
",20180308
22874,2059,"Beware of the Turing Tar-pit in which everything is possible but
",20170311
22874,9110,"it.
",20171230
22894,2400,"You're being followed.  Cut out the hanky-panky for a few days.
",20170315
22894,2054,"coughing.""
",20170604
22894,9310,"Just because your doctor has a name for your condition doesn't mean he
",20180307
57715,9190,"                -- Elbert Hubbard
",20171117
58039,6084,"Today is the first day of the rest of the mess
",20170726
58039,2940,"Beware of the Turing Tar-pit in which everything is possible but
",20170628
63823,276,"                -- Clarence Darrow
",20171030
63823,8029,"You patch a bug, and dump it again:
",20170208
63823,9167,"Duct tape is like the force.  It has a light side, and a dark side, and
",20170612
56400,4941,"We wish you a Hare Krishna
",20170930
56400,1266,"As Will Rogers would have said, ""There is no such things as a free
",20170821
56400,792,"Afternoon: That part of the day we spend worrying about how we wasted
",20170813
72921,3037,"If the input was short of exact.
",20170713
72921,1714,"                -- George Saunders' dying words
",20170425
26560,842,"A Lisp programmer knows the value of everything, but the cost of
",20170501
37295,5560,"The Universe is laughing behind your back
",20170623
24633,6894,"        2.  If a straight line fit is required, obtain only two data
",20180118
57922,6105,"Kinkler's Second Law:
",20170202
57922,4675,"Cleveland still lives.  God _m_u_s_t be dead.
",20170604
49872,1753,"What this country needs is a good five cent ANYTHING!
",20170323
38822,537,"Real Programmers don't comment their code.  If it was hard to write, it should
",20170723
38822,9469,"Real Programmers don't write in BASIC.  Actually, no programmers write in BASIC
",20170312
38822,3378,"A bachelor is a selfish, undeserving guy who has cheated some woman
",20180224
20452,916,"        When it's converted to energy?
",20180425
26042,9310,"""Why be a man when you can be a success?""
",20170207
26042,5195,"        Its syntax worse than JOSS;
",20170105
31448,8012,"Eggheads unite!  You have nothing to lose but your yolks.
",20170329
26673,7504,"UFO's are for real: the Air Force doesn't exist.
",20180207
26673,5388,"Life is like an onion: you peel off layer after layer, then you find
",20171017
26673,4884,"                -- Herbert Hoover
",20180214
15361,2433,"pedestrians.
",20171008
12665,6964,"                -- Yiddish saying
",20180302
96985,9615,"Never put off till tomorrow what you can avoid all together.
",20171202
96985,1623,"        He said, ""Yes, I know.
",20171110
96985,6239,"        But the good ones I've seen
",20170205
23531,8777,"miss
",20170603
23531,7043,"It is easier to get forgiveness than permission.
",20180311
23531,1625,"UFO's are for real: the Air Force doesn't exist.
",20171109
60368,6503,"                -- George Saunders' dying words
",20170121
12761,5512,"are 50-50 it will.
",20171112
12761,1785,"The mouse on the m""obius strip;
",20170210
12761,703,"She missed an invaluable opportunity to give him a look that you could
",20180328
64955,8513,"
",20180213
64955,2153,"Arithmetic is being able to count up to twenty without taking off your
",20170108
64955,5517,"        But the good ones I've seen
",20170503
50227,1799,"The Law, in its majestic equality, forbids the rich, as well as the
",20170412
50227,5865,"The only way to get rid of a temptation is to yield to it.
",20171109
50227,1743,"Acid -- better living through chemistry.
",20180103
47316,1625,"Nothing is faster than the speed of light...
",20170710
47316,5287,"        A new hydrocarbon
",20170524
56902,651,"Man Invented Alcohol,
",20170301
56902,5294,"Limericks are art forms complex,
",20170307
56902,85,"Anarchy may not be the best form of government, but it's better than no
",20170704
54218,5966,"You cannot kill time without injuring eternity.
",20170730
54218,551,"slandered.
",20170922
43066,9103,"It's because I try to put every possible syllable into that last line
",20170406
43066,690,"as afterward.
",20171201
43066,4612,"                -- Pope John Paul I
",20180117
43202,1386,"Fairy Tale: A horror story to prepare children for the newspapers.
",20171012
43202,8131,"Real Programmers don't write in FORTRAN.  FORTRAN is for pipe stress freaks and
",20170209
16959,7830,"The best book on programming for the layman is ""Alice in Wonderland"";
",20170930
87455,5963,"Fine day to throw a party.  Throw him as far as you can.
",20180102
87455,8504,"Reality is an obstacle to hallucination.
",20170102
87455,4987,"Nudists are people who wear one-button suits.
",20170908
10866,1604,"eyes...""
",20170218
10866,6722,"Q: How many IBM cpu's does it take to do a logical right shift?
",20180311
38798,9902,"He sure is a fun god
",20170629
41966,3570,"by the number of people in the group.
",20171012
67893,9188,"eyes...""
",20171206
67893,8569,"Don't feed the bats tonight.
",20170929
67893,4520,"Q: How many Oregonians does it take to screw in a light bulb?
",20170727
69426,4300,"the way.
",20170501
55484,3382,"When you do not know what you are doing, do it neatly.
",20180118
55484,3037,"                -- Mark Twain
",20180126
95621,3382,"                -- ""The Hitchhiker's Guide to the Galaxy""
",20170915
95621,2499,"computer science languages.  Strong typing is for people with weak memories. 
",20170915
95621,4223,"How many tech writers does it take to change a lightbulb?
",20180427
80651,8403,">from where you left them to where you can't find them.
",20180305
80651,9906,"""Who cares if it doesn't do anything?  It was made with our new
",20180306
41829,8004,"In the long run, every program becomes rococo, and then rubble.
",20170921
67630,9388,"Xerox does it again and again and again and ...
",20170623
44199,1799,"Waiter: ""Two teas.  Which one asked for the clean glass?""
",20180224
44199,7349,"for a dial tone.
",20171110
11522,4612,"                -- Dorothy Parker
",20171122
20933,2573,"Beware of the Turing Tar-pit in which everything is possible but
",20171204
49877,777,"and then pulled an all-nighter.
",20170224
39020,1143,SQL Symphony Concert,20170529
39020,1143,SQL Symphony Concert,20170712
39020,1143,SQL Symphony Concert,20180224
98025,6765,"Keep emotionally active.  Cater to your favorite neurosis.
",20171109
98025,6059,"                -- John Ciardi
",20170126
22722,1374,"A university is what a college becomes when the faculty loses interest
",20170812
59678,8784,"And a Sun Myung Moon!
",20180411
59678,4069,"The middle of the night.
",20170914
59678,8753,"Underlying Principle of Socio-Genetics:
",20171007
52287,3357,"Now, GC, for the nonce,
",20170904
52287,3266,"Vital papers will demonstrate their vitality by spontaneously moving
",20170502
52287,2984,"According to the latest official figures, 43% of all statistics are
",20180429
80126,5162,"                -- Mark Twain
",20180122
80126,1144,"Corner, Vermont.""
",20171114
80126,551,"Corner, Vermont.""
",20171117
35613,2679,"Future looks spotty.  You will spill soup in late evening.
",20170313
71673,6642,"nothing.
",20170509
71673,4652,"They're only trying to make me LOOK paranoid!
",20180430
87057,3750,"                -- Arthur Naiman
",20171009
87057,5469,"affairs has always been dominant and controlling.
",20170521
85276,6884,"And made cider inside her inside.
",20170105
71331,7660,"to reform.
",20170613
50862,1542,"Turnaucka's Law:
",20170317
55037,9192,"A closed mouth gathers no foot.
",20170906
55037,4612,"Death: to stop sinning suddenly.
",20171019
69103,4818,"Don't go surfing in South Dakota for a while.
",20180308
69103,8114,"nothing of interest is easy.
",20180417
11120,9923,"If God is perfect, why did He create discontinuous functions?
",20170201
11120,4938,"every six months.
",20170923
94527,2526,"Advertisement: The most truthful part of a newspaper
",20170403
94527,3900,"road to the drug store, but that's just peanuts to space.
",20170226
25298,8932,"have a lucky day this year.
",20170422
25298,1667,"        1) ""Don't worry, I can handle it.""
",20170726
25298,7929,"otherwise require harder thinking.
",20170705
13017,1193,"Artistic ventures highlighted.  Rob a museum.
",20170827
96937,4612,"99 blocks of crud!
",20170401
92884,8559,"Is it possible that software is not like anything else, that it is
",20171028
92884,6986,"Take heart amid the deepening gloom that your dog is finally getting
",20180402
92884,2937,"""There are three possibilities: Pioneer's solar panel has turned away
",20180228
82144,8650,"        No more than debris,
",20180409
82144,7262,"mistake when you make it again.
",20180105
82144,5512,"Die: To stop sinning suddenly.
",20170228
91271,1004,"At the source of every error which is blamed on the computer you will
",20180415
91271,706,"Happiness: An agreeable sensation arising from contemplating the misery
",20170315
33470,5101,"                -- Kehlog Albran
",20170521
33470,9133,"                -- Carl Zwanzig
",20170902
97186,2295,"Real Programmers don't write in FORTRAN.  FORTRAN is for pipe stress freaks and
",20180325
72959,3779,"First Rule of History:
",20170830
72959,2264,"                -- Thomas Jefferson
",20180118
76763,7830,"""Here at the Phone Company, we serve all kinds of people; from
",20180219
76763,9791,"Xerox does it again and again and again and ...
",20170103
18034,1659,"Good day to avoid cops.  Crawl to school.
",20170825
12347,61,"Keep America beautiful.  Swallow your beer cans.
",20180128
12347,8233,"Good day to let down old friends who need help.
",20171129
63997,7587,"If you put garbage in a computer nothing comes out but garbage.  But
",20170425
63997,2151,"Waiter: ""Tea or coffee, gentlemen?""
",20170103
63997,8778,"I wish that they would sell it.
",20170207
78440,9110,"What this country needs is a good five-cent nickel.
",20170212
78440,5605,"World War IV will be fought with sticks and stones.""
",20170322
78440,5925,"Christ: A man who was born at least 5,000 years ahead of his time.
",20171117
57215,4287,"You patch a bug, and dump it again:
",20171008
57215,5880,"at the steam fitters' picnic.
",20170528
57215,8456,"Electrical Engineers do it with less resistance.
",20171209
30415,793,"        will find the programmers cannot write in English.
",20170705
30415,624,"dispel a source of error in an opponent.
",20170611
30415,8859,"God said, ""Let Newton be,"" and all was light.
",20171010
74850,8864,"If the odds are a million to one against something occurring, chances
",20170211
35557,9470,"I met a Quux with seven hacks.
",20171126
48233,8468,"                -- John McNulty
",20170411
18661,4702,"                -- Walt Kelly
",20170608
18661,4069,"        Among economists, the real world is often a special case.
",20180408
18661,1625,"Love is sentimental measles.
",20170414
72906,3187,"Every bug had seven manifestations;
",20170222
72906,9472,"Real Programmers don't write in COBOL.  COBOL is for wimpy applications
",20171112
72906,2937,"Triple-Iso-Bifurcated-Krypton-Gate-MOS process...""
",20170201
31537,6186,"soap bubble?
",20180427
31537,9388,"But only what I tell it.
",20170106
78861,2443,"as afterward.
",20170119
78861,4318,"The pot's at the other end.
",20170521
78861,4069,"        When told this was so,
",20170818
35409,8997,"Steinbach's Guideline for Systems Programming
",20180220
81641,5003,"You patch a bug, and dump it again:
",20171012
26360,8131,"Misery loves company, but company does not reciprocate.
",20170715
36560,18,"There once was a girl named Irene
",20180429
36560,9288,"Modern man is the missing link between apes and human beings.
",20170524
35859,3297,"I really hate this damned machine
",20170716
35859,4137,"USER n.: A programmer who will believe anything you tell him.
",20171215
35859,7830,"Avoid reality at all costs.
",20170917
96710,7609,"Bizarreness is the essence of the exotic
",20180403
96710,9529,"Why did the Lord give us so much quickness of movement unless it was to
",20170123
49919,3072,"Electrocution: Burning at the stake with all the modern improvements.
",20171115
49919,6437,"Slang is language that takes off its coat, spits on its hands, and goes
",20170430
92588,9162,"Chicken Little was right.
",20180303
92588,4867,"Excellent day for drinking heavily.  Spike office water cooler.
",20170623
92588,2910,"If I traveled to the end of the rainbow
",20170312
25872,9902,"It was the reader's CONS
",20180114
25872,4892,"handicapped.
",20170516
25872,7523,"        The attention span of a computer is only as long as its
",20180409
62223,6653,"It was a book to kill time for those who liked it better dead.
",20171027
88966,6589,"God is a polythiest
",20170827
88966,1811,"Now and then an innocent person is sent to the legislature.
",20170628
88966,7181,"You might as well live.
",20170312
73801,6154,"                -- Anatole France
",20180113
12007,5201,"hands.
",20170129
12007,9192,"Velilind's Laws of Experimentation:
",20170515
20826,2033,"                -- G. B. Shaw
",20170623
88059,5914,"          -- Isaiah
",20170410
88059,5344,"it made.
",20170708
61577,4715,"You can create your own opportunities this week.  Blackmail a senior
",20180320
61577,2044,"Never try to outstubborn a cat.
",20170317
61577,4717,"                -- Paul McCracken
",20171118
50332,7364,"totally worthless.
",20170923
90133,5715,"In English, every word can be verbed.  Would that it were so in our
",20170907
90133,104,"Just because you're paranoid doesn't mean they AREN'T after you.
",20170613
90133,9520,"Corner, Vermont.""
",20171115
23830,488,"How many tech writers does it take to change a lightbulb?
",20170707
23830,1077,"What this country needs is a good five-cent nickel.
",20170829
55320,446,"        Support your right to bare arms!
",20170927
55320,4837,"Avoid him.  He's a Commie.
",20170117
55320,6131,"Remember, even if you win the rat race -- you're still a rat.
",20171219
50045,7705,"            once.
",20170611
91755,8421,"government at all.
",20180315
91755,8187,"body is better.
",20170208
40307,1728,"I'm prepared for all emergencies but totally unprepared for everyday
",20171215
40307,8004,"
",20170216
29797,9133,"returns of conjecture out of such a trifling investment of fact.
",20180409
29797,1001,"                -- Peggy Joyce
",20180416
29797,7587,"                -- Foolish Dictionary
",20180412
86677,2033,"Earn cash in your spare time -- blackmail your friends
",20170821
86677,5015,"
",20170422
86677,6292,"                -- Peggy Joyce
",20170206
65068,106,"this sort of trash.
",20170326
19333,8650,"What the hell, go ahead and put all your eggs in one basket.
",20180315
19333,9,"                -- Dr. Who
",20170919
19333,8548,"tobacco in between.
",20180330
57096,6789,"sane.""
",20180319
57096,9362,"today.
",20170129
57096,622,"SPELL quiche.  They eat Twinkies, and Szechwan food.
",20170723
94329,1381,"Waiter: ""Two teas.  Which one asked for the clean glass?""
",20171111
94329,5468,"Avoid reality at all costs.
",20171220
47308,7460,"                -- Oscar Wilde
",20170428
47308,649,"effort to teach them good manners.
",20170801
47308,3799,"                -- Herbert Hoover
",20180129
80663,8541,">from the sun; there's a large meteor blocking transmission; or someone
",20170726
93892,7275,"Real Programmers don't write in BASIC.  Actually, no programmers write in BASIC
",20180326
93892,1107,"himself from the sphere of exaction.
",20170311
93892,3779,"     ""How should I know?  What am I, a philosopher?""
",20170912
23087,6982,"to decadence without touching civilization.
",20170911
23087,5519,"                -- Yiddish saying
",20180131
23087,4723,"                -- Alan Perlis
",20170118
66003,2404,"upon to act in accordance with the dictates of reason.
",20180206
71883,2506,"example.
",20171205
69407,6439,"""Here at the Phone Company, we serve all kinds of people; from
",20170316
50346,6515,"                -- The Brigader, from Dr. Who
",20170523
50346,4300,"loaded Star Trek 3.2 into our video processor.""
",20170115
43382,658,"Worst Month of 1981 for Downhill Skiing: January.  The lines are the
",20170916
33303,8476,"                -- Peter S. Beagle
",20171222
33303,4235,"A candidate is a person who gets money from the rich and votes from the
",20170927
46344,8004,"Conscience is the inner voice that warns us somebody is looking
",20170321
46344,8657,"Real Programmers don't write in COBOL.  COBOL is for wimpy applications
",20170824
17677,374,"Diplomacy is the art of saying ""nice doggy"" until you can find a rock.
",20171229
17677,126,"Real Programmers don't write application programs; they program right down on
",20171201
17677,5972,"        it wasn't worth doing.
",20170115
31033,2365,"You may be recognized soon.  Hide.
",20170323
62606,2918,"One of the oldest problems puzzled over in the Talmud is: ""Why did God
",20170622
62606,2886,"Keep grandma off the streets -- legalize bingo.
",20170812
62606,9784,"I met a Quux with seven hacks.
",20180310
92946,5851,"Diplomacy is the art of saying ""nice doggy"" until you can find a rock.
",20180313
92946,6393,"Real Programmers don't document.  Documentation is for simps who can't read the
",20170406
92946,994,"        in kernel as it is in user!
",20170211
96125,5469,"        handle.
",20171227
96125,1574,"And this was very odd, because it was
",20170228
11181,9529,"I don't do booze,
",20170715
11181,2443,"POP UP, PUSH DOWN, BYTE, BYTE, BYTE!
",20180318
11181,5748,"give it back to them.
",20180222
56269,1988,"Stay away from flying saucers today.
",20170622
56269,9245,"Experience is that marvelous thing that enables you recognize a
",20171206
56269,1753,"""I just need enough to tide me over until I need more.""
",20180115
82480,1194,"A city is a large community where people are lonesome together
",20170805
19360,241,"        Never attribute to malice that which is adequately explained by
",20180220
19360,2809,"                -- Herbert Prochnow
",20170919
19360,871,"It used to point to me,
",20170807
15607,1290,"Give your child mental blocks for Christmas.
",20171108
15607,6292,"You worry too much about your job.  Stop it.  You are not paid enough
",20180214
15607,5966,"exciting Delaware, New Jersy. (Home of Barry Fletcher!)
",20171104
74485,4731,"According to the latest official figures, 43% of all statistics are
",20171004
74485,3156,"Real Programmers never work 9 to 5.  If any real programmers are around a 9 AM,
",20180127
74485,9150,"computer crashes.
",20170306
83191,7262,"        except study for that instructor's course.
",20180501
83191,786,"listings or the object deck.
",20170311
83191,7637,"Gravity is a myth, the Earth sucks.
",20170402
99486,7107,"
",20170826
99486,364,"Nooses give;
",20180307
84113,5269,"Nihilism should commence with oneself.
",20170716
42299,2311,"asked the father of his little son.
",20170120
66847,4818,"There was a young poet named Dan,
",20170222
66847,7338,"Coronation: The ceremony of investing a sovereign with the outward and
",20170629
37192,1782,"At the source of every error which is blamed on the computer you will
",20171217
69314,6722,"that is not being talked about.
",20170307
17537,5091,"        And masculine urgin's,
",20170525
17537,3885,"Life is a yo-yo, and mankind ties knots in the string.
",20180113
53053,5777,"Bride: A woman with a fine prospect of happiness behind her.
",20180408
32858,176,"How many hardware engineers does it take to change a lightbulb?
",20171219
11323,9310,"If you think last Tuesday was a drag, wait till you see what happens
",20170522
11323,8342,"In English, every word can be verbed.  Would that it were so in our
",20170214
59864,4414,"Noncombatant: A dead Quaker.
",20171012
17862,7862,"They're only trying to make me LOOK paranoid!
",20170107
17862,2958,"        Its monitor loses so totally!
",20170705
38222,3652,"Gas smells awful;
",20170717
14023,9784,"        Superiority is recessive.
",20171216
69503,871,"        They usually have virgins,
",20170910
69503,1393,"        The strip revolved,
",20180120
57900,6085,"government at all.
",20170717
57900,8363,"soup can't cure is neurotic dependence on one's mother.
",20180209
33768,9306,"It never does quite what I want
",20180228
33768,3351,"means the price went way up.
",20170103
45879,1093,"Bizarreness is the essence of the exotic
",20170603
14734,9103,"Now and then an innocent person is sent to the legislature.
",20170120
14734,8753,"They also surf who only stand on waves.
",20180218
14734,3851,"the way.
",20170225
37257,3415,"
",20180302
37257,2218,"        Unless the results are known in advance, funding agencies will
",20171101
65935,6740,"Ra!  Ra!  Ra!
",20180304
65935,3190,"in God.
",20180320
65935,7862,"thing he tells you.
",20171213
46568,8131,"enough cheese
",20171221
46568,746,"Who do you trust?
",20170331
46568,881,"                -- Carl Zwanzig
",20170515
46132,7331,"It is easier to write an incorrect program than understand a correct
",20170629
46132,3581,"Velilind's Laws of Experimentation:
",20180305
46132,6999,"fur coat.
",20180305
45420,3284,"Acids stain you;
",20171121
83927,9346,"Happiness: An agreeable sensation arising from contemplating the misery
",20180125
68038,9470,"We wish you a Hare Krishna
",20170812
87702,845,"        Support your right to bare arms!
",20170702
69510,9626,"I'm prepared for all emergencies but totally unprepared for everyday
",20170314
69510,5469,"We wish you a Hare Krishna
",20170824
69510,4591,"Ass: The masculine of ""lass"".
",20170928
78596,5519,"Naeser's Law:
",20171012
78596,3940,"create goyim?""  The generally accepted answer is ""_s_o_m_e_b_o_d_y has to buy
",20170522
78596,8778,"Hindsight is an exact science.
",20180421
83519,134,"the light comes on.
",20170207
83519,8559,"                -- Carl Zwanzig
",20170311
83519,1625,"handicapped.
",20180220
95601,7841,"""I just need enough to tide me over until I need more.""
",20180419
95601,2110,"It is the business of the future to be dangerous.
",20170211
76329,3046,"People will buy anything that's one to a customer.
",20170130
42073,2071,"Minnie Mouse is a slow maze learner.
",20170223
42073,5282,"Our country has plenty of good five-cent cigars, but the trouble is
",20180122
42073,7333,"""It is easier for a camel to pass through the eye of a needle if it is
",20170903
12855,7182,"        Thy programs run, thy syscalls done,
",20170717
12855,4246,"When the government bureau's remedies do not match your problem, you
",20171002
45876,8729,"                -- from the Brown Security Crime Prevention Pamphlet
",20170323
16852,3595,"Psychiatrists say that one out of four people are mentally ill.  Check
",20180324
16852,6965,"change.
",20170922
16852,3869,"God said, ""Let Newton be,"" and all was light.
",20170212
63864,3114,"average man can see better than he can think.
",20170510
19825,8233,"                -- Adlai Stevenson
",20170831
43966,418,"immune to bullets""
",20171107
29020,6878,"Optimization hinders evolution.
",20170824
29020,2049,"I'll never see a tree at all.
",20170503
43924,3351,"                -- Finley Peter Dunne (Mr. Dooley)
",20170319
43924,8068,"A Law of Computer Programming:
",20171126
43924,2311,"                -- Alan Perlis
",20170703
92052,3190,"
",20180205
92052,8716,"                -- Oscar Wilde
",20170418
92052,6965,"There's no future in time travel
",20171021
68689,5388,"a cynic's eyes to improve his vision.
",20171115
68689,8341,"God did not create the world in 7 days; he screwed around for 6 days
",20180428
68689,5003,"Hello Dr. Falken.
",20180213
77085,8932,"""Stealing a rhinoceros should not be attempted lightly.""
",20170303
32652,3016,"God made the Idiot for practice, and then He made the School Board
",20170313
32652,6636,"            points.
",20170615
32652,1107,"                -- John Ciardi
",20170925
15046,2147,"exciting Delaware, New Jersy. (Home of Barry Fletcher!)
",20180430
15046,4576,"When someone says ""I want a programming language in which I need only
",20170317
15046,1926,"honorable gentleman is a scurvy cur.""
",20170115
16433,2035,"Assure us that it must be so.
",20180416
16433,6127,"""Contrariwise,"" continued Tweedledee, ""if it was so, it might be, and
",20170830
16433,5714,"Alexander Graham Bell is alive and well in New York, and still waiting
",20170204
78801,4414,"According to the latest official figures, 43% of all statistics are
",20170401
78801,1393,"I don't do booze,
",20170730
78801,5478,"with a large fortune.""
",20170919
55923,8804,"Kinkler's First Law:
",20180102
55923,4223,"A limerick packs laughs anatomical
",20171231
73699,6575,"conventional thing to happen to him.
",20170509
41496,1923,"Honorable: Afflicted with an impediment in one's reach.  In legislative
",20171028
41496,4414,"You could get a new lease on life -- if only you didn't need the first
",20170814
41496,388,"                -- The Brigader, from Dr. Who
",20171107
40590,3595,"If you think last Tuesday was a drag, wait till you see what happens
",20170223
40590,5865,"Nostalgia isn't what it used to be.
",20170510
40590,6878,"I must have slipped a disk -- my pack hurts
",20171216
16328,5748,"Don't hate yourself in the morning -- sleep till noon.
",20171009
16328,5972,"LSD consumes 47 times its weight in excess reality.
",20180215
16328,2071,"Antonym: The opposite of the word you're trying to think of.
",20170522
14973,5003,"Caution: breathing may be hazardous to your health.
",20180120
14973,5778,"        will find the programmers cannot write in English.
",20170604
44736,3635,"One good reason why computers can do more work than people is that they
",20171111
44736,2789,"Stop searching.  Happiness is right next to you.  Now, if they'd only
",20170413
44736,9185,"Help a swallow land at Capistrano.
",20170823
27927,9432,"How many hardware engineers does it take to change a lightbulb?
",20170720
27927,1520,"        Superiority is recessive.
",20171227
27927,7705,"I really hate this damned machine
",20180328
21239,6878,"atlantic with his verb in his mouth.
",20180422
21239,7035,"You are wise, witty, and wonderful, but you spend too much time reading
",20170528
69615,5004,"                -- Alan Perlis
",20170613
69615,1393,"99 blocks of crud on the disk,
",20171230
69615,7705,"                -- Woody Allen.
",20180222
47657,7107,"Show respect for age.  Drink good Scotch for a change.
",20170813
47657,8778,"to decadence without touching civilization.
",20171203
45435,1552,"today.
",20171201
45435,9780,"The three laws of thermodynamics:
",20170208
67292,3323,"""That must be wonderful!  I don't understand it at all.""
",20170215
67292,6186,"Only adults have difficulty with childproof caps.
",20180419
67292,3415,"Famous last words:
",20170825
48320,7460,"Coward: One who in a perilous emergency thinks with his legs.
",20180127
88712,3915,"And other erotic effects.
",20180102
88712,4993,"Let others think his heart is big,
",20170628
88712,3351,"                -- Senator Soaper
",20180307
48204,6659,"Democracy is a form of government in which it is permitted to wonder
",20170221
42887,2206,"The men sat sipping their tea in silence.  After a while the klutz
",20171030
42887,9923,"Remember, even if you win the rat race -- you're still a rat.
",20170525
42887,5914,"Diplomacy is the art of saying ""nice doggy"" until you can find a rock.
",20170430
61768,3799,"What the hell, go ahead and put all your eggs in one basket.
",20170223
61768,8698,"said, ""Life is like a bowl of sour cream.""
",20180311
41768,2917,"Mistakes are often the stepping stones to utter failure.
",20170301
41768,5972,"                -- Woody Allen.
",20170212
41768,9434,"fortune: Segmentation violation -- Core dumped
",20180213
98814,7401,"                -- John Barrymore's dying words
",20180331
98814,9289,"Put your Nose to the Grindstone!
",20180321
63190,4542,"                -- Senator Soaper
",20180216
63190,7995,"See how it runs!  See how it runs!
",20170807
63190,7737,"Enzymes are things invented by biologists that explain things which
",20180322
85253,2501,"        ""And what will you do when you grow up to be as big as me?""
",20170217
85253,6439,"Horse sense is the thing a horse has which keeps it from betting on
",20170522
85253,6148,"San Francisco isn't what it used to be, and it never was.
",20171121
37279,5142,"Due to a shortage of devoted followers, the production of great leaders
",20171119
37279,3517,"The meek shall inherit the earth -- they are too weak to refuse.
",20170216
59915,3629,"Good day for overcoming obstacles.  Try a steeplechase.
",20170102
59915,8663,"Lysistrata had a good idea.
",20170427
49795,7424,"changer clothes.  Mountain climbing is OK, and real programmers wear their
",20180330
76128,8078,"            Smoke a friend today.
",20180418
76128,3878,"The sun was shining on the sea,
",20180407
90434,1143,SQL Symphony Concert,20180102
90434,1143,SQL Symphony Concert,20170226
