id,name,license_id,address_number,address_street_name,ssn
10000,Christoper Peteuil,993845,624,Bankhall Ave,747714076
10007,Kourtney Calderwood,861794,2791,Gustavus Blvd,477972044
10010,Muoi Cary,385336,741,Northwestern Dr,828638512
10016,Era Moselle,431897,1987,Wood Glade St,614621061
10025,Trena Hornby,550890,276,Daws Hill Way,223877684
10027,Antione Godbolt,439509,2431,Zelham Dr,491650087
10034,Kyra Buen,920494,1873,Sleigh Dr,332497972
10039,Francesco Agundez,278151,736,Buswell Dr,861079251
10095,Leslie Thate,729987,2772,Camellia Park Circle,127944356
10122,Alva Conkel,779002,116,Diversey Circle,148521773
10126,Denver Barness,791807,1232,Via Escuela Rd,923716908
10127,Yessenia Fossen,449378,3087,Ash St,314282107
10141,Brittney Garfield,627292,2303,E Glen Park Ave,914555313
10145,Adolfo Milbury,556561,2261,S Burr Blvd,883502067
10152,Shanita Grigaliunas,206023,3056,Tarada St,659203754
10155,Cory Rodriquz,469214,2024,Montgomery Rd,689152589
10158,Sandy Braim,492507,1844,Gigi Blvd,526308262
10168,Alyssa Wacaster,113356,675,El Sanjon Dr,629860541
10187,Candra Laguardia,787365,2839,Trevelyan Ave,838427748
10193,Everett Flasher,173984,1994,Redstart Dr,133690837
10195,Ted Denfip,943723,2030,Hermit Ranch Way,498865878
10205,Harley Dearmore,566616,3701,Deercliff Circle,114085010
10206,Dominique Kelcourse,234066,1592,South Baybrook Blvd,216059344
10218,Tawnya Soenksen,606928,373,N Althea Ave,233535179
10219,Lynette Gehrlein,741585,993,Nashenden Farm Rd,749273979
10224,Dayna Hamiter,949130,3172,Glencoe Blvd,127711530
10233,Alysha Laba,573935,1036,Pala Ave,728297848
10236,Rogelio Gundersen,348809,75,West Oakdale Rd,826552633
10239,Vern Knochel,634998,1114,Beach Ave,893802962
10242,Rogelio Trullinger,573427,1462,Sherando Way,789152518
10250,Phil Brumbach,746676,2689,W Kingsley St,587719377
10252,Brant Chestand,760627,2733,Warrant Officer Bauer Circle,891321312
10263,Hortense Schleich,730378,290,Inchbonnie Circle,770034175
10269,Ahmed Ptacek,725731,1788,Ringlow Rd,278468103
10283,Marvella Rummler,805217,2800,Elm Brook Circle,609669321
10284,Shela Edelson,146234,1239,Springle Blvd,679493157
10287,Everette Arlia,952304,2034,Roseleigh Ave,855854498
10293,Errol Sandberg,538844,2426,London Hill Blvd,264155860
10304,Kimberley Silverberg,409894,371,Durweston Circle,469864247
10309,Odis Oliger,407895,478,Ashwater Rd,506347574
10319,Tama Mazy,706440,834,N Gateway Dr,169669311
10322,Shyla Truman,555548,2976,Crossmead Dr,323973268
10325,Bruna Sumlin,340579,3808,N Bartlett Ave,898899969
10332,Manda Steady,263345,696,Almaden Blvd,715381893
10334,Martin Cochrum,106882,858,Lonczak Circle,679802307
10336,Wesley Vancise,972265,2609,Symes Blvd,912522148
10346,Davina Gangwer,279338,1360,Thorby Circle,456994450
10347,Milford Digsby,379443,2435,Borick Rd,555893225
10357,Brad Bowthorpe,647833,3932,Valiant Way,548869147
10377,Otto Bednar,622673,2098,Golden West Way,953529160
10388,Johanne Scerbo,357410,3817,South Illinois Ave,133749912
10389,Britt List,967800,923,Marbury Rd,450910572
10401,Lupe Jehl,386708,1572,Twinview St,140986937
10425,Julio Abron,516080,1240,Errico Ave,338267383
10432,Stacia Bungert,747366,2770,Brown Hill Dr,828150852
10443,Vernia Eshlerman,232814,3004,Endon Circle,647860428
10447,Bernardo Zohn,826622,2218,Cawker St,556926236
10452,Zachary Angeloro,702210,3713,Currant Ave,965949567
10455,Sally Claborn,508546,2621,North Croydon Dr,659962475
10472,Kory Beauliev,317650,2532,Charles Mary Dr,298041684
10473,Daren Cwikla,687732,2479,Jersey Island Ave,941481359
10479,Lamar Dougal,330998,2848,Bass River Rd,970092883
10488,Perry Kalima,546008,360,Strype Ave,429453894
10489,Libbie Cristelli,123129,419,Slaight Dr,643471534
10518,Kenneth Embury,697704,1997,Bermondsey Long Ave,473784678
10522,Gilma Hentze,747622,3996,Trapper Way,417345692
10531,Tuyet Makinen,614689,2126,Sonning High Ave,292994504
10538,Luigi Larue,241264,2097,Beauty Beach Circle,310717397
10540,Hana Beverage,310922,3810,Ayling Circle,168899875
10548,Reginald Baragar,243542,2131,Higher Lomax St,159968509
10565,Nova Fess,229752,221,Parrott Blvd,922737356
10600,Ahmad Gehrlein,691486,1814,Vernam Rd,442249328
10605,See Blomberg,822468,3789,Drakes Landing Way,392270531
10615,Harold Fullmer,611876,804,Riedell Circle,421328353
10628,Maria Wallingford,252180,2812,Watney Way,225052190
10654,Sharyl Maryland,221465,298,Sevely Dr,604988312
10679,Louis Dehrer,913507,351,N Green Meadows Rd,305222358
10680,Ela Vardeman,490433,624,Tom Fowler St,383762179
10683,Wilburn Shilo,228375,839,West Muller Way,717231551
10699,Nisha Thielman,247757,3812,Litho Ave,566331316
10704,Shanta Finwall,121750,323,N Kingsway Way,392177155
10713,Tammy Furno,794481,1006,Flickinger St,745677086
10723,Fredric Dozer,307793,2753,East Laguna Dr,756730136
10743,Jon Bosten,742855,1283,Kinnaird Circle,337282520
10761,Malcolm Fechtig,484083,1859,Harestone St,690602176
10777,Emiko Spuhler,142084,1636,Korndyk Ave,288574603
10797,Zack Pentecost,150590,1839,Rushwood St,532875652
10808,Sharyl Cabal,731121,2491,Syril Way,615214086
10814,Cierra Schroer,568163,1404,Andy Rd,896709139
10815,Adriane Pelligra,952073,948,Emba Ave,243639527
10816,Garret Kuffel,773358,1075,Demby Rd,889692872
10833,Queen Radigan,573165,2910,Claire St,352925729
10834,Gerald Reil,316145,2456,Watervale Ave,382201590
10843,Linda Chikko,652509,453,Low Cross Wood Way,393445768
10866,Meghann Rimmer,829324,1155,Fiat Rd,459201711
10890,Jami Freiberger,562234,3376,Diesel Way,324014092
10904,Lawrence Angiolillo,933156,2895,Cameron Pond Ave,201309154
10909,Ada Mcbrady,969690,3982,Woolley Blvd,772978976
10910,Torie Diekmann,868735,21,Pilgrim Way,795102956
10912,Leida Vaka,650228,3820,Sherburne Dr,682173940
10914,Cinderella Coachman,189336,575,Yanilla St,516609775
10935,Lahoma Stribley,984442,183,Rodsall Circle,392680054
10945,Mariann Tremaine,667117,2833,Rahlves St,132269282
10946,Cayla Dittberner,585848,3385,Uralla Ave,840905613
10952,Lesli Engelbach,221115,3876,W Cleven Way,715434894
10968,Asley Regulski,193903,240,Kreck Way,419744952
10980,Myron Willington,301337,3212,W Brampton Way,597993407
11005,Bradly Goodness,493031,1183,Mina St,238820780
11012,Sherron Mckiernan,420324,1275,Deborah Lee St,495147886
11015,King Titmus,489888,1054,Running River Way,123107875
11018,Jovita Crear,735149,1166,Kern Creek Blvd,961376550
11038,Charity Bleicher,563787,2550,Thomas Jefferson Circle,626982484
11050,Latoyia Syta,697261,3177,Mount Olive St,877580969
11059,Devin Caddigan,739503,3727,San Ardo Circle,809549257
11062,Rivka Chadwell,587839,1327,Tovito Blvd,204256047
11072,Margene Bodiroga,207422,1491,W Dakin Circle,822197116
11084,Lesha Wanger,373204,3556,Sable Oaks Blvd,755931532
11092,Andre Padilla,320049,3973,Regalia Ave,734463436
11120,Shane Cichonski,626113,332,Hascombe Way,703857374
11132,Edward Lestrange,586294,1629,Walport Way,473814207
11140,Vernon Farrelly,560603,396,Torri Circle,733302152
11151,Shantell Rudge,748480,1569,Dragonwyck St,973457772
11153,Wilber Kapoi,141011,1245,Thistle Dr,220840124
11161,Emmett Labrec,556632,2494,Goesel Blvd,598689010
11162,Dorthy Picardi,889044,864,Castlemere Ave,245451296
11165,Lianne Knodel,332627,3280,Shawbury Ave,893252243
11173,Ken Whitted,755830,3300,Climbhill Rd,604322569
11175,Chang Loske,641581,3139,Comus Ave,741867931
11176,Lakeshia Che,622026,2934,Cottesmore Rd,965218751
11177,Stephen Uttley,861250,2424,Perseus St,355304085
11181,Hubert Yeddo,170574,2715,S Normal St,530896810
11182,Socorro Huss,563643,3907,N Munn Blvd,559829808
11191,Winford Westerlund,270433,1287,Waldman Ave,965474003
11197,Kerstin Shomin,975101,3402,Pescot St,666303771
11202,Leonie Smits,276555,3412,Auxplaines St,151478457
11211,Teresita Lazzar,270291,683,King Farm St,128433771
11220,Yolonda Evanchyk,290422,3044,Wash Rd,925834493
11231,Terrance Wolpe,139639,415,Panabaker St,367239672
11238,Sunni Scadlock,201325,221,Blackhill Blvd,594102804
11252,Lisabeth Li,957417,2860,Ligar Circle,988977269
11263,Ruben Manternach,634053,217,Whitebark Dr,551211833
11264,Zada Laban,808317,1663,Testa Circle,983015244
11273,Reggie Vanwart,514737,1252,Devon Hills Dr,558131465
11278,Wes Bacher,976182,3909,San Benito St,295763459
11279,Seth Distilo,782001,1781,Blackheath Circle,612138704
11295,Mack Honas,868961,3231,Oak Bay Rd,346017204
11297,Lucila Leh,135545,2305,Nellie White Way,347165146
11302,Randell Polhamus,535712,2958,Meadowfaire Circle,660112358
11314,Kimberlie Tommolino,409910,1432,Selmarten Way,873682107
11323,Hung Andrino,454199,350,West Rumble Way,244897210
11358,Evangelina Fountaine,588727,2301,Pahl Dr,836295324
11362,Lily Radvany,438768,1897,Trotter Farm N Blvd,134600890
11368,Guillermo Janda,514337,280,Harter Way,856427778
11376,Leo Mayer,346164,3157,W Proesel Dr,484457281
11385,Waldo Plato,755764,1406,Airbase Ave,195011948
11402,Hester Zodrow,245787,1142,South Jack Tone Way,244988508
11403,Delmar Daunt,971776,784,Small Rd,796257359
11404,Wilmer Stach,811015,496,Springwater Blvd,270556584
11412,Vernetta Vanderwerf,797055,1442,Portley Wood Ave,701690416
11414,Quyen Guglielmo,763049,3325,Back Eddisbury Circle,113335405
11424,Phil Heaslet,405462,414,Fabor Ave,174637927
11440,Jesus Ferrufino,359660,2771,Monna Blvd,250066038
11447,Erminia Kalas,558580,3230,Wisp Circle,962251034
11455,Charlie Korth,848261,1970,Dewes Rd,402568682
11458,Ariane Kamalii,178965,3289,Pedra Blvd,462280977
11468,Nickolas Wikoff,943608,3672,Credon Ave,601926882
11470,Brian Deleonardis,515963,1925,Saint Brendan St,427368785
11487,Annalisa Rifenbery,629991,617,Vandine Dr,808561288
11494,Louie Olivier,617507,1401,Park Gardens Ave,523416706
11495,Rebbeca Huminski,212885,15,Flavell Dr,161816051
11503,Waylon Aull,291576,88,Watchbell Circle,935673213
11516,Elias Cali,301444,2601,Souldern St,329775720
11522,Joy Dufford,771507,1317,Rose Hatch Way,417156565
11523,Santiago Snowman,113884,383,Cross Peel Rd,660190854
11561,Maryln Muzacz,857188,989,E Howell St,453159305
11567,Sharika Gugliuzza,484719,779,Moak Ave,895156580
11568,Suzy Vecchia,955138,257,Henry Garnett Way,693355085
11570,Colby Spicker,659115,2436,S Leclaire Ave,230407013
11577,Deandre Nikirk,101568,210,West Hendy Ave,427360325
11586,Chung Touhey,542587,243,Collingswood Circle,781363982
11615,Simona Mcniel,664790,3438,St. Andrews Rd,491997636
11618,Pedro Gorelik,907869,1259,Match Point Rd,590099412
11639,Luise Dumaine,991862,208,Belmont Place Ave,286421004
11642,Dionne Kingcade,203726,2770,Home Lawn Way,141387442
11663,Wilmer Stansifer,884012,2034,North Ellsworth Dr,998323983
11686,Oma Chaves,364093,45,Loiselle Way,388467493
11697,Flo Kandarian,338173,86,Highlandview Ave,671693430
11723,Jess Weisgerber,103936,2939,Chisledon Rd,269100406
11751,Pasquale Melchor,876713,1849,S Edbrooke Rd,890909817
11758,Vera Dobison,251014,2462,South Border Rd,896453396
11759,Cordell Aardema,488069,2065,Nittany Circle,539897170
11761,Dewitt Luthi,203664,1335,Liddicoat Ave,934978677
11794,Doretta Bowline,563654,3258,W Eggerding Blvd,737391581
11813,Kelly Bainer,847750,3946,Nanette Blvd,108155182
11822,Edward Galindez,361179,806,Surfperch Circle,561802035
11849,Pattie Pesqueira,808271,268,Lawling Way,839646700
11856,Hank Skillom,496959,3345,Keyner St,145569958
11858,Rozella Mellady,612877,1858,Cosmos St,598939303
11863,Ricardo Gellatly,728305,2021,N Court House Circle,961272528
11874,Georgianne Chamber,643530,2005,Borough Court Dr,892498113
11884,Velda Regier,803254,3199,Fells Way,199245839
11890,Mohammad Karter,817588,3489,Raffin Green St,386873774
11899,Lonnie Beman,819950,1953,Las Lomitas Circle,727487554
11900,Lewis Zide,718254,2412,Valimar Ave,426244463
11914,Kip Smolinski,270112,226,Arrunga St,429531898
11917,Gaynell Fanton,629406,3965,Bowdon Rd,700061300
11950,Porter Urbieta,624806,104,W Farms Blvd,410315066
11957,Hai Holubar,278506,1279,Carlos Way,600691600
11971,Robert Ghelfi,700149,2127,Nutfield Marsh Way,230490352
11987,Trisha Shumpert,798447,2907,Tree Estate Mead Dr,648948844
11990,Claudio Carlan,539828,2888,Wooden Spoke Rd,311494850
11992,Andreas Walding,680931,2024,Bayer Blvd,253835181
11993,Stuart Mavro,285368,1650,Minet Dr,946489789
12000,Willian Saxbury,450424,1782,Illingsworth Way,376612338
12007,Georgette Shetz,339341,1212,Skyport Ave,423298667
12022,Simonne Pekara,825798,1620,Chattleton St,578791263
12030,Terrell Drymon,755660,3082,Krumb Blvd,387180115
12034,Jefferson Hickenbottom,541429,2123,Bolshaw Ave,706780807
12049,Honey Erbentraut,982387,2653,Fteley Dr,292269618
12056,Colton Kayler,664501,1320,East Woodson Dr,195611910
12061,Fritz Boldon,881541,2911,Trawl Circle,876115774
12092,Aurelio Noggles,539461,94,Winterborne Dr,737869459
12095,Marcelino Vanzante,707295,1102,Enders Blvd,780263148
12103,Gregoria Moran,621881,1641,Spinfield Way,102815882
12107,Agatha Seddon,466755,740,Northstead Way,636352179
12111,Lovella Bartosch,266040,3546,Barooga Ave,904592220
12121,Jeffry Gadewoltz,522094,1139,Gozo Ave,317997981
12136,Joette Rintharamy,768269,1482,W Hampshire Ave,146716843
12160,Bruno Brodis,146892,2258,Druet Way,831111970
12161,Rachell Heppeard,315677,3513,Reidmond Circle,644222168
12178,Ivette Berch,297328,619,Cerra Vista Ave,469687841
12179,Lacy Gnagey,878687,2250,St Cloud Dr,593462365
12184,Duncan Daughdrill,264672,2788,Colwick Dr,769810787
12185,Noel Mclaughlan,934390,1887,Mayroyd Rd,887558596
12190,Joan Agoro,684538,5,Viewfield Dr,971884969
12207,Wilmer Wolever,509484,139,Franklin Ave,636825374
12230,Tomas Milbradt,107867,3263,Depaul Circle,950297985
12261,Yajaira Survis,671476,1655,Scaneateles Blvd,341531618
12272,Rogelio Protasewich,315432,43,West Hill Dam Rd,457524598
12279,Courtney Guiel,134891,3278,Aldworth Circle,377864953
12295,Adina Naysmith,686321,1951,Pioneer Hills Rd,849491426
12297,Jacquelyne Wegleitner,567054,1301,French Lake Way,569197369
12307,Towanda Orzel,426033,1812,Manzanita Springs St,712229764
12319,Arron Fanucchi,143946,227,Rumonoski Ave,798874477
12325,Robbi Polen,713163,3109,Pepper Valley Rd,243726350
12329,Royal Alviso,715785,992,Scotti Ave,918792830
12344,Thaddeus Modin,755580,626,N Plumwood Ave,825710426
12347,Omar Evins,470407,3703,E Grassy Sprain Rd,584228988
12354,Lili Korthauer,553171,3492,Grayton Circle,792091159
12361,Jeramy Foos,108832,1567,Rock Brook Way,213665325
12363,Shakira Rennell,216365,1216,E Leeds Infirmary Way,671455007
12365,Leroy Dae,630341,492,N Vanderpool Circle,888753740
12371,Luke Palumbo,513049,880,Wilderhold Rd,841563944
12372,Lucia Farb,145460,3380,Hommell Way,772002789
12376,Tamie Franty,308063,2334,Eaton Valley St,269424879
12378,Tom Tuning,226283,1228,Bendmore Circle,773834611
12394,Marna Turberville,760432,558,Appley Rd,658012151
12412,Cliff Cholula,756181,2437,Little Gypps Ave,784550860
12423,Nikole Culleton,492737,1897,Story Book Way,251290909
12468,Carmelo Stiehl,922240,2138,Moorbrook Way,521384497
12479,Enriqueta Munafo,258458,619,Hotson St,401776944
12484,Clemencia Wegmann,751211,1037,Evanston Main St,626727575
12488,Emilio Paniagua,482379,2257,S Point Douglas Ser Way,706311587
12495,Charlott Tag,579003,1368,Florfield St,454830964
12509,Pierre Webley,500394,436,W Benck Dr,390221256
12519,Leta Cruise,139448,2948,Archery Way,997320380
12526,Fawn Lindemuth,573029,2039,Hilgard Way,325500736
12533,Merilyn Harrop,862045,3048,Fenns Dr,513333305
12534,Millicent Cascia,817036,1413,West Platti Rd,916416705
12542,Jayme Vaksman,211358,2508,W Fulton Dr,428224927
12547,Mariano Zulkowski,258846,1890,Keel Blvd,464540619
12550,Marco Leddy,340007,3434,Slidell Circle,411911239
12565,Petra Graybill,840880,1071,Goddu Blvd,284098931
12573,Granville Moznett,881484,1023,North Walnut Ave,662617693
12578,Chong Rosel,758871,2028,Thomas View Way,237037927
12582,Duane Mordeci,738854,3365,Charlottesville Circle,226879322
12613,Kerri Panduro,339526,469,Berry Creek St,667202286
12630,Adrian Lauden,609037,1333,W Tow Path Blvd,734041134
12657,Linnie Marsek,540724,2475,Garrans Way,438795338
12664,Ma Sollie,284195,3976,Quincy Way,917521738
12665,Victoria Sutulovich,200692,344,Maciver Dr,244780904
12677,Andrea Portuondo,929913,594,Tara View Dr,892776093
12711,Norman Apolito,667757,599,Northwestern Dr,778264744
12724,Tressa Burt,130553,1703,Comeau St,873150088
12732,Troy Donndelinger,269885,3645,Chickory Blvd,130168087
12736,Cyrus Belmont,937473,776,Valley Crest St,734053785
12737,Carroll Killary,979717,901,Cottesmore Dr,109857046
12754,Soo Falah,745258,500,Canada Farm Way,303833406
12761,Milton Figary,680325,3953,Manser Ave,238242388
12770,Morton Fearheller,156448,3583,Preston Dr,720617364
12778,Siobhan Braham,938018,3992,Pelham St,920374065
12781,Ching Bo,580371,170,Tupia Blvd,358139493
12818,Jordon Fraise,413843,1583,Watervliet Ave,129569444
12836,Marvel Stain,897702,2675,Moor Hey Circle,859717947
12839,Patrick Hickethier,876051,3766,Shadybrook Dr,809842854
12841,Rose Marcil,699741,1618,Storetti St,632347949
12850,Chana Lampo,543315,3530,Thornlea Rd,785061575
12855,Dave Riverman,470640,808,Lake Landing Way,380551835
12879,Vella Willinger,200277,2730,Arrowsmith Rd,989483871
12901,Gustavo Delossanto,424088,2032,Northeast Carpenter Rd,923910567
12941,Lakisha Ciuffreda,481161,2661,Whitbarrow Dr,610924138
12955,Brock Tann,572656,3290,Nardell Circle,188575558
12971,Modesta Burditt,559740,1851,Bounds Blvd,587368406
13017,Santo Blind,846406,446,Angwin St,210324452
13018,Wm Dalba,478535,2074,Kassel St,604163049
13032,Winona Goetzke,728609,1139,Winforton Rd,813137423
13042,Rudolph Elton,355414,1927,W Martha Blvd,379484024
13047,Lexie Klatte,171497,640,Murry Dr,923966632
13050,Rodger Leyra,152517,3491,Coddle Harbor Ave,905963960
13054,Hiram Bohne,665680,730,Alpha Rd,776955662
13064,Dion Montague,467669,485,Briggs Blvd,184082532
13080,Demetrius Majeau,565421,3916,Bravington Dr,983358230
13108,Olimpia Morla,847066,566,Cotchford Way,473687469
13119,Millie Anzures,726123,3462,Bundaleer Circle,302551205
13131,Georgianna Vintinner,751409,10,Washington Park Way,244519749
13155,Danielle Stutes,782669,2648,Greatness Dr,685963339
13189,Kelle Mckeever,411754,1124,Gold Flat Rd,657267230
13212,Andrew Nordling,562738,3804,Marble Fawn Ave,796991421
13227,Rick Brundrett,233260,1659,Drakewood St,196185634
13241,Allie Jenschke,458292,657,Livingston Rd,586169409
13242,Illa Hernton,798159,823,Kaehler Circle,676079525
13252,Shelley Kirylo,842147,1612,Maximfeldt Blvd,159304270
13253,Jordon Ingrim,436013,515,Dick Phelps Way,343188878
13256,Nigel Muhlestein,774972,3768,Brickwall St,827681927
13261,Julia Rudick,609462,2046,Ladner Rd,152551704
13262,Lindsy Walts,692382,3856,W Butterfield Rd,202256064
13273,Tory Linde,343538,942,Kentigern Dr,315647709
13296,Danial Hinderman,327999,3503,Holly Forest Way,784435644
13308,Dede Krauel,927703,2689,High Beech Circle,132478275
13322,Cara Weyman,123784,1310,Outer Zayante Ave,808324107
13340,Esta Madenford,963960,2390,Bemsted Way,347001316
13345,Donya Quenzel,617240,1564,Legard Circle,432019274
13357,Karlene Feit,272800,3987,Tye River Ave,115594104
13362,Drusilla Schuller,785407,3025,Gaulin St,581530576
13369,Denis Southworth,635098,3861,Dudley Dr,748618564
13374,Garth Revolorio,246823,1865,Fishing Dr,966145987
13388,Terri Seiters,706041,2358,Ashton Clough Rd,358535734
13403,Roseann Heinis,392158,1162,Bufflehead Dr,320499192
13455,Fumiko Soloman,932475,36,Tracy Schar St,774221326
13460,James Harold,793865,626,Duchesne Circle,742630069
13466,Armando Huie,817218,1695,Lander Rd,795148951
13468,Keith Candozo,753817,2186,Canada Valley Ave,958215353
13480,Levi Tangaro,185981,975,Luyster Dr,456995790
13488,Barney Skartvedt,951670,285,Sun Tree Ave,489246720
13492,Cliff Bransom,942063,3648,East Angela Way,345752075
13499,Sheldon Bohne,893106,1791,Story Acres St,950295483
13514,Peter Habeck,739864,1560,Rupertswood Way,246056511
13515,Luciana Filsinger,397364,205,Mayne Ave,310985722
13530,Emmanuel Dittberner,428718,1951,Norcott St,410353980
13541,Basil Chrzanowski,124053,3855,Boxmill Way,755878582
13548,Shelli Korman,826329,1274,Hy Sil Blvd,391425319
13550,Roman Katzman,412222,1155,Possumtown Blvd,716756787
13568,Pura Killen,257214,520,Belt Circle,622726285
13581,Alda Damoro,386717,3961,Thoydon Blvd,976953111
13582,Don Zoquier,153636,2774,Westfield Blvd,244429463
13598,Star Puccetti,516560,296,Bluebonnet St,237268257
13625,Fabian Fiallo,665793,2463,Cyprus Cedar St,601734245
13628,Georgette Marsland,301631,2148,Manthorpe St,956046563
13630,Carmen Semke,573051,384,W Hundley Rd,269971075
13637,Ervin Smyre,158889,1824,Bainbrigge St,406033098
13638,Waldo Matar,633622,759,Wehner Dr,858299714
13641,Truman Lackett,629373,2244,Orchardhill Ave,308711568
13649,Beaulah Minugh,398588,3964,Southwest Virginia Blvd,362132814
13660,Theresa Battko,314910,2353,Leonello Dr,444582433
13661,Debbra Vario,527716,124,Mc Dougall Circle,858365861
13664,Louis Leyland,803795,2631,Deer Canyon Ave,545937701
13679,Elinor Nogueira,800296,524,Pleasant Springs Blvd,967602103
13682,Renetta Replin,525873,1654,Lage Rd,632361405
13692,Caryl Mongan,514153,848,W Fuller Circle,213963373
13703,Lien Yasin,236971,1813,Fitzwarren Blvd,942403927
13707,Micheal Milas,160781,21,Peaceful Pond Dr,896957092
13721,Jeffrey Delmedico,343690,2463,Warren Farm Circle,355179972
13756,Rudy Baldon,842911,455,Indian Wells Ave,245047799
13759,Claudio Segreto,855099,745,Lahonda Way,129122621
13772,Monroe Cockerell,712647,3736,Mota Way,300525653
13779,Nubia Coles,312414,3949,La Puerta Rd,995360218
13781,Carletta Meleen,894663,3883,S Cardinal Rd,539484960
13808,Royce Rushmore,288748,3241,Headley Hill Dr,260837442
13818,Jamaal Vanhese,462640,1568,Stowell Circle,562145727
13820,Ivy Billeter,853447,2544,Wilmerding Rd,969196934
13825,Mistie Devoe,440773,289,Gomez Rd,387185377
13845,Isa Criscuolo,411997,3073,Glenisters Way,276770330
13847,Dan Bresnahan,918784,234,Saint Etheldore Rd,648324819
13849,Rosanne Fego,392774,3839,Devaney Circle,923519674
13857,Elvie Cetta,508000,1581,Maranui Ave,982110755
13859,Teddy Lese,181359,3039,Thistlebridge Dr,675467580
13861,Jasper Kuklenski,675110,3497,Fulling Way,828832951
13872,Isadora Pellegrin,654411,1754,Mount Lassen St,577331209
13873,Loni Watanabe,931925,2249,Back High Dr,112689438
13895,Rebbecca Lamarch,891284,287,Rosalinda Circle,144915680
13900,Jaquelyn Coutee,960976,1613,Vivian Dr,862287242
13915,John Dile,909334,3783,Icehouse Ave,957131634
13917,Hank Jank,695273,2462,Claygate St,749497794
13922,Nancee Meuller,624510,1789,Fir Tree Ave,291545742
13928,Deadra Aharon,944185,270,Clares Circle,414340171
13933,Sol Stanert,726702,2814,Paint Branch St,215039924
13934,Corinne Cagney,814343,3080,St.Helier  Love Dr,889173099
13945,Fausto Damian,445395,3199,Derekwood St,797028379
13954,Lilla Lucht,924535,3006,Roving Wood Dr,804998294
13965,Adelaida Krenik,382037,2364,Manufacturers St,213783400
13966,Terisa Altomare,201258,785,Cockbush St,675011071
13985,Ernie Brosi,490082,2956,Sharot Rd,942878060
13989,Norma Gudroe,585205,2898,Ridgedale Ave,536434829
13995,Benito Jostes,175720,2928,Clinton Ave,729863043
14020,Neva Crossfield,961633,3203,Desmoulin Rd,861025019
14023,Otis Alberty,581949,3173,Chantecler Blvd,720291906
14029,Jc Dannelley,536140,706,Owlswood Way,803166889
14045,Monte Mollenhauer,829647,3262,Manship Dr,572915604
14049,Chris Cordovi,769361,3107,Ranfre Ave,509312726
14058,Darrin Villafuerte,172768,2428,Roque Moraes Blvd,854483304
14062,Tomas Sipriano,821441,472,Sorci Rd,989203986
14068,Nicolasa Abshier,730814,1223,Chisholme St,939547450
14082,Stanton Kaupp,947178,361,Dorsetshire Ave,604049850
14087,Selina Quilici,703548,1813,Farragut Circle,553910337
14088,Blaine Selvidge,532256,3477,Neuenschwander Way,179523467
14090,Callie Gailey,611482,404,Spen Vale Circle,601898947
14111,Katherine Bobek,247091,115,Orsini Rd,960531530
14112,Owen Arterberry,427657,910,Bayberrie Way,709352404
14114,Tameika Bilbo,984256,1054,Windgate Circle,643382763
14120,Rayford Brissey,761533,258,N Chippewa Ave,493327215
14128,Maile Levitre,879181,3079,St Lukes Rd,743135643
14140,Joseph Langeveld,791269,2170,Potomac Knolls St,950863015
14153,Florance Sedler,773641,2061,Russel Rd,529431891
14182,Zack Karwoski,964918,1546,W Middleton Way,482427372
14191,Curt Deas,831969,2279,Brambach Way,539915887
14203,Leisha Hussien,342538,866,Hackberry Way,823310261
14210,Rick Behrend,254760,729,Volpi Circle,848426583
14216,Delbert Shiring,344686,579,Eatonia Rd,998429601
14217,Morton Ronsani,224299,1773,John Wyatt Ave,606252617
14252,France Leipheimer,899918,2426,N Kedvale Rd,522631411
14255,Oscar Vielma,915148,107,Orchard Hill Park Dr,686320577
14266,Sarai Thakur,124854,1355,Universe Blvd,131979241
14277,Cheryll Nabers,497065,2330,West Ox Way,504511404
14284,Erick Siuda,181038,2361,Betty Mae St,855178366
14295,Don Widlak,638103,1202,Rexburg Ave,148164994
14297,Roslyn Ayer,368291,1436,Springman Circle,359457709
14302,Bradly Niedbala,302726,1256,Kurrawa St,494421182
14307,Dani Rawley,857212,3275,Twentyeighth Ave,362878596
14314,Kylee Chenard,539900,2300,Roskelley Dr,200917413
14315,Hilton Kounthapanya,476038,1954,Shore Edge Ave,498230299
14317,Efrain Lagunas,196256,308,West Sixth Circle,506191077
14324,Gerry Lofthouse,704869,117,Yarrunga Rd,343814539
14336,Rickie Dougan,647511,1952,Engel Blvd,511819312
14348,Christoper Keir,500166,351,Hildegarde St,809726158
14351,Herschel Linsday,575737,1128,Brotherhood Ave,218978020
14354,Lloyd Kraham,229811,3791,Whisper Hill Way,796856597
14370,Casey Sovocool,886103,689,Wilberforce Way,523346550
14373,Keitha Mysinger,248771,35,Heather Garden Blvd,813995604
14387,Michael Vieweg,425364,2130,Seven Hills Dr,796170041
14393,Mark Sinnett,948669,1484,Millsgate Way,378772939
14417,Jeremiah Milley,278310,2327,Woods Creek Circle,244014263
14421,Eloy Willetts,996490,2172,Riffa Ave,640247165
14430,Lizzette Montalbo,522521,2918,Ancroft Rd,544657374
14441,Monroe Hellerman,553585,804,Shadow Park Way,851923089
14451,Pete Olesky,328294,1114,Leaf Wing Rd,860343710
14455,Yesenia Vandawalker,360014,3427,Gazzard Dr,103924314
14459,Myron Varillas,748508,3975,N Monterey Circle,127674257
14464,Laureen Curnutte,505509,1178,Wharfe St,310209746
14468,Saturnina Zeimetz,156151,1225,Leder St,128724962
14482,Gregory Rickson,487794,1690,East Kensington St,866169791
14495,Takako Schegetz,595642,3385,Apiary Dr,518376466
14507,Cordie Dhondt,750208,3688,Challedon Rd,239669792
14510,Justine Hagos,183340,3847,Ardsley Dr,331613266
14523,Federico Valant,151858,1259,Mikasa Blvd,695591586
14532,Yelena Manecke,187586,1933,Goodhue Blvd,796830670
14536,Jefferey Stroot,734103,1007,Brook Bay Ave,362218791
14539,Ellsworth Wakefield,748810,571,Oakton Glen Blvd,774778798
14565,Jarvis Pincock,649891,2820,Goble Circle,911968601
14568,Levi Mcward,737089,3369,Park Glenn St,535998508
14577,Sam Walkington,110604,462,Parcel E Mayfair Way,228123723
14579,Derek Bramel,287445,1722,Manor Ct Circle,634182399
14588,Laci Sholar,495058,1715,Oakhall Circle,543127907
14591,Jeremiah Johanson,429738,3037,Gaines Blvd,276166162
14602,Damion Zagami,238290,2405,Wade Hill St,132012429
14612,Aretha Langmaid,182158,3443,Laars Way,762572434
14617,Angel Quay,972599,2142,Kitcheners Rd,540202645
14622,Quinton Hufstedler,328677,2803,Timbergate Way,603330058
14627,Dick Knipe,458873,3230,Basch Dr,910280086
14644,Amalia Moat,139921,554,Old Bath Way,434233620
14652,Elene Huddy,584477,1494,South Cedar Blvd,479035075
14669,Gearldine Mahabir,335353,83,Helman Ave,765478411
14710,Wayne Rudisell,802915,617,Wolski Ave,154150080
14712,Jordon Buteau,796112,3196,Gwyn Ave,229086359
14734,Stewart Febles,660033,3529,Old Rubbly Way,102629149
14745,Leo Crocco,171794,2161,Broadford Circle,195245670
14747,Claude Siegel,484118,1957,Mantle Way,591651944
14749,Rodolfo Kaufman,264734,1787,Castle Croft Circle,507898228
14758,Dante Escue,143489,185,W Cossitt Rd,457620573
14761,Tameika Mcgarrigle,278654,912,Leewill St,101227402
14771,Oretha Eckstrom,502177,2826,Samoset Rd,654974303
14787,Suzan Randlett,891563,2550,Aqua Ave,816336280
14792,Milford Sara,689588,3188,Cornish Dr,576598609
14813,George Laity,777860,3901,Assumpton Rd,288816833
14817,Carl Gomey,916735,3105,Redberry Way,650376536
14821,Eda Snover,903934,1075,Idalyn St,126905168
14824,Tobias Tow,938869,2753,Lou Courtney St,134346691
14827,Marlin Hillwig,690583,3106,Pagum Ave,746496860
14849,Fay Marsden,985615,580,Deepdene Park Dr,774252565
14880,Sena Muschick,675018,1841,Bulkeley Rd,180706293
14887,Morty Schapiro,118009,4919,Northwestern Dr,111564949
14888,Kelley Milan,416505,2378,Parnham Dr,726079978
14903,Veronica Bristle,724640,3711,Jonathan Mitchell Blvd,286941818
14913,Dominick Mossing,104786,1607,Breck Rd,163505491
14920,Sidney Loker,587473,2373,Worsley Bridge Way,337145269
14930,Zella Pietrzyk,440964,3680,Sandgate Circle,443068729
14939,Saul Bash,912166,3607,W Henry Circle,570854469
14946,Walter Lacock,641141,1803,Rainsborough Rd,756117257
14948,Alta Rawdon,556615,2055,Picket Ave,613428055
14956,Eric Lozado,720072,769,Eastern Heights Dr,875714896
14970,Dominique Grriffin,739390,1473,Rainshaw Rd,941082466
14973,Sunshine Hummons,799086,2624,Mamaroneck Rd,115902249
15008,Daniele Mcrobbie,459397,1793,Burntlodge Rd,119993657
15012,Edda Petronio,462610,3583,Steve Biko Way,236415130
15027,Lloyd Sieker,210341,2060,S Municipal St,764817775
15030,Palma Firkins,365089,2096,Onieda Dr,265263730
15046,Kirby Bonnell,148175,570,Windhaven Rd,892320406
15058,Mara Reynalds,978879,1534,Vincennes Rd,356559423
15088,Genevive Zellmann,181558,1286,Whitaker Rd,809375761
15101,Dominga Skowyra,423158,2243,Pivington Ave,776787966
15108,Bernie Phyfiher,761779,3685,Gramsie Blvd,216426943
15113,Matthew Jerdee,826574,2399,Crow Trees St,764276243
15121,Genesis Solito,372175,2350,Mc Kinney Rd,385418101
15126,Kasey Compiseno,382736,2061,Gwyne Rd,744514576
15130,Alvin Maltby,122260,2748,Bourchier Blvd,523670154
15135,Michale Spriggle,529920,438,Dragoon St,229702218
15149,Mervin Marzinske,594818,610,Gayfere Rd,981195715
15161,Dedra Kellough,107129,3307,Dwelley Way,621473730
15165,Casey Neighbors,967351,2925,SE Davison Rd,795376522
15171,Weldon Penso,336999,311,Northwestern Dr,131379495
15201,Jeane Germinaro,157853,473,Giddings Ave,459828536
15202,Debera Eirich,334395,3818,W Byrne Blvd,124964846
15211,Josefina Shaull,651413,2076,Grand Park Blvd,337723796
15213,Martin Oxton,638631,890,Burquest Rd,687827528
15218,Millicent Yessios,907462,3743,Reaston Blvd,755130400
15247,Shondra Ledlow,108978,2906,Chuck Dr,492143109
15274,Alva Hurney,989097,2442,Tusmore St,714570896
15301,Melodee Hawman,608130,2761,Church End  East End Rd,419744334
15314,Valencia Sosby,255436,607,Croydon  Park Rd,433935301
15315,Yi Forsee,550761,3775,Hombrook Ave,640019829
15316,Katherine Depolis,609574,2143,Sally Dr,744460595
15317,Gudrun Hoople,115428,2298,Warslow Circle,380058676
15325,Jeramy Roehrenbeck,783775,291,Nascot Wood Ave,147782541
15355,Cordell Baccus,146439,1582,Powderhorn Ave,647572048
15361,Davis Halima,194594,3000,Moormead Rd,311562977
15363,Billie Hailes,386466,3051,Georgetown Dr,584888881
15376,Earlene Guggemos,790636,3484,Kenwyn Circle,195645209
15403,Meridith Howat,630178,3336,Ringwood Way,700783288
15412,Barney Burtis,414370,3852,Meadow Field St,727807158
15440,Lavone Falacco,830708,1607,Kanya Blvd,929111031
15447,Wendi Felling,156246,2711,Stima Dr,825007219
15462,Leif Montross,445327,360,Wishing Rock St,448625435
15465,Tomeka Salasar,241666,55,Blue Lupine St,351957629
15475,Catina Foresta,364559,2777,Hey Beck Rd,191490827
15477,Kimi Whitker,411661,2888,Reece Heights Way,830947985
15488,Susannah Geckles,877202,54,Olive Ranch Ave,544542823
15489,Temika Ellingboe,549368,1993,Old Elstead Blvd,683954711
15490,Rutha Caddel,646330,987,Glenaffric Ave,575289965
15506,Roscoe Roads,718062,2496,Spruell Dr,841910202
15508,Jimmie Rainier,541284,3005,Merseles Way,879258231
15520,Mitchel Staudt,354374,1912,Cumberlow Circle,671523045
15526,Alexandra Cakanic,316072,1841,Gloster Ave,753558574
15532,Cami Pollan,341763,3929,Burrawang St,325484032
15543,Chang Ekstein,935084,1840,Mount Castle Ave,886016660
15544,Mel Bull,924669,649,Leever Way,719983217
15552,Joanne Matthis,258814,1308,High Peak Ave,102449982
15557,Jacquelyn Barefoot,308814,3792,McColl St,883597649
15560,Aileen Galvan,953607,648,Ryegate Blvd,120677599
15567,Kyle Townsel,960046,825,Cloisterham St,219552281
15580,Percy Marshman,274530,3022,Sunhill Blvd,488629863
15581,Simon Weisenberg,443860,740,Liberty Hall Blvd,322544268
15590,Enid Veliz,509877,3699,Still Pond Rd,331502006
15592,Walton Trostle,370627,3047,Crowden Rd,254103600
15607,Carey Borchelt,745039,1026,Low Grove Dr,886213518
15608,Derick Moerke,255912,3758,Ryanlynn Dr,312519831
15609,Dudley Gillispie,281277,2548,Dobson Ave,351720316
15617,Neville Ziegenbein,453382,3514,Woolley Mill St,394654918
15618,Reita Suares,395582,1564,Brookline Rd,223100043
15637,Boyd Satter,787882,1759,Capen Dr,816012467
15645,Rhett Doing,293718,2139,Chuch Rd,644662880
15648,Bernardina Bondoc,160151,3926,Devereux Blvd,776081782
15650,Robert Haywood,685724,2490,Kimblehunt Blvd,346077336
15652,Mariah Hatlee,379396,1970,Wirralee Way,246503550
15655,Paris Massucci,864296,3208,Kennedy Memorial St,152937343
15657,Isreal Czubia,528348,2246,Woodclyffe Rd,121114556
15676,Renate Ashcroft,980664,3033,Boeske Circle,482022026
15678,Loren Merrett,528942,2969,Tonka Downs Rd,804371689
15689,Austin Vida,732223,1152,Red Cedar Point St,665728614
15690,Bettina Mingle,529864,433,Menow Blvd,299312843
15706,Delmer Pilch,483476,3873,Leigh Ave,279011013
15710,Harland Martiny,798984,3542,West Country Club St,938400777
15722,Shawn Clucas,795238,2254,Wilbanks Rd,286389774
15723,Santos Matarazzo,663683,3296,San Antonio Valley St,824231081
15740,Kylee Bronson,499686,3737,Weiland St,154550289
15758,Bridget Peeters,349366,3042,Ponds Edge Ave,158231856
15785,Barry Jeminez,517362,3157,Ursiline St,963766527
15797,Dick Schoenthal,928916,368,Horse Pond Way,269057931
15804,Laurel Diab,374126,1747,Chruchville Dr,180282024
15809,Cameron Elfenbein,279162,3557,Mottershead St,115154330
15822,Harrison Huckaby,974887,3034,West Angela St,587456661
15826,Eliseo Halward,105064,2245,Olde Colony Way,342907407
15844,Clarence Poncio,560393,3466,North Addison Dr,590641417
15851,Edison Showell,756366,754,Puttenden Ave,150314160
15854,Waltraud Bolander,704162,2262,Buckinghorse Way,157044353
15867,Napoleon Tranbarger,317515,2900,Velvetlake Way,612950162
15885,Elba Serge,103725,1794,Okeefe Dr,442867718
15889,Leslie Spunt,304379,3744,Taylor View Circle,528315992
15893,Jon Steptore,814818,2400,Burnhill Circle,300694770
15898,Jammie Colbenson,193571,2492,Liberty Mill St,947817498
15914,Mazie Lewitt,307755,3386,Acushnet Rd,650886719
15921,Lyman Mrazik,909016,964,Melland Circle,494547541
15922,Rosemary Soteros,716249,3426,Limmer Rd,495994143
15930,Joshua Lipovsky,808745,3945,Orestimba Dr,551955959
15933,Leeanne Stargell,505632,1247,Arrowwood Circle,188481211
15936,Booker Aaby,321394,2085,Honey Pot Rd,244812695
15942,Jaime Stratz,980681,2060,Beach View St,291320992
15943,Eleonor Mccarl,107014,2265,Quinn Canyon Blvd,707001238
15954,Starla Mowrer,592213,2687,Spreckels Lake Dr,304215504
15961,Brittaney Depass,216914,811,Wainman Way,429560339
15963,Vanessa Blackstock,863767,897,Tower Manor Rd,585557213
15976,Londa Booker,517952,2773,Glen Gerry St,491365450
15980,Hugh Piascik,716926,1830,Kyllo St,428650166
15985,Asley Milici,722941,1759,Kristina Rd,904881098
15987,Dorla Yeubanks,715863,1877,Siebert Ave,766818167
15992,Harland Chiapetto,311791,1744,Thornlaw Circle,667985350
15995,Vance Smee,793318,153,Papoose Lake Blvd,585158542
16019,Shaina Decato,634183,3087,South Eden St,395752082
16030,Mauro Ennen,181777,3537,Burnt Ember Dr,922586200
16039,Jason Laurelli,950323,2245,S Commons Dr,582751281
16043,Caroline Strohbehn,680830,2900,Cheam Way,331126427
16045,Marlys Loux,727636,666,Southwest Eddy Dr,366329146
16047,Inger Sarp,786204,131,Cauldwell Ave,124525411
16048,Gil Decourt,966873,1256,Skywest Blvd,807798993
16067,Jonathan Trueheart,120799,3173,Loslomas Circle,743268062
16074,Jeremy Washup,733350,1295,Great Jackson Blvd,701664735
16082,Elayne Moats,150510,627,Chesline Way,770431462
16089,Yoko Barta,206506,1789,Kingswick Circle,576295589
16100,Dominick Ree,681544,2957,Mulherin St,674801582
16122,Mauricio Uelmen,594327,1382,Lindsay McDermott Rd,259657241
16129,Pauletta Bucek,675546,1385,West Ticonderoga Blvd,860882069
16130,Felton Fehling,632313,854,Sandaba Rd,254353790
16135,Caren Sheng,111615,3364,Denton Rd,521940814
16153,Lawerence Drissel,221713,1764,Tarabrook Blvd,458895459
16156,Vaughn Harnly,916513,3769,Laurina Ave,566724981
16162,Ryan Kaai,261067,3823,Calbroke St,125274835
16167,Emanuel Corsa,613493,1856,Laws Brook Way,477101277
16205,Annice Cowboy,454929,964,Victoria Dock St,472213464
16232,Florencio Hodgman,522129,1011,Jericho Hill Blvd,990022949
16234,Johnnie Puga,676581,2236,Town Littleworth Rd,777193775
16241,Celine Rattu,435471,97,Yarrabin Rd,197442336
16247,Conrad Carmin,594996,3537,Tottenham Court Way,386718096
16260,Harold Witten,992314,2902,Runnymeade Circle,491374380
16264,Erlene Antaya,913496,1271,McFeeley Shipyard Blvd,980953822
16266,Donetta Mcginness,235131,3479,Shireoak Way,987997073
16267,Terrell Royals,468321,215,Kausen Rd,708098510
16283,Susan Krain,760603,1561,Stemer St,203247962
16295,Drew Lefeber,431446,3067,Ketelaar Rd,320770681
16307,Henry Brignac,913637,1857,Kennel Barn Rd,629596737
16317,Eric Estey,257087,3818,Aeolus Way,860545604
16321,Ira Never,916914,3682,Pocono Blvd,595840546
16324,Daryl Wakins,777881,3528,Schaaf Rd,877338851
16328,Tajuana Greulich,211290,715,Coonawarra Blvd,516213330
16344,Rachell Pavlak,267824,487,W Elms Court Way,739557327
16345,Delmar Mcleary,537735,2649,Cross Bay Dr,570041858
16351,Cole Sutphin,945230,3130,Hawthorne Ave,453684784
16355,Geraldine Darsow,528961,2782,Viewoak Dr,477495705
16371,Annabel Miller,490173,103,Franklin Ave,318771143
16374,Rodrick Cipriani,960397,325,Blue Shirt Way,623898905
16391,Leo Navone,240310,347,Maple Ridge Way,597608531
16401,Elfreda Lenoue,614409,1310,Stonedrop Rd,334476580
16403,Tiana Bembi,712292,2021,Coverly Rd,544295461
16420,Shante Hoernemann,586909,26,Vershire Way,957148785
16433,Hiroko Klaver,331332,2548,Raintree St,836851226
16454,Lael Omura,874127,2836,N Kingsbury Circle,199098510
16455,Collette Beagle,370170,3143,Easie Dr,781538715
16473,Ayesha Pattengale,146817,2293,Fjord Way,772945988
16475,Mui Graetz,197909,1409,Marys Blvd,779101919
16500,Mellissa Nakamoto,847359,1892,Hopeco Blvd,363190298
16518,Lawrence Bowery,601140,3552,Bardard Circle,195214613
16547,Forrest Franke,643914,3151,Penlow Dr,512311286
16548,Christa Lua,908889,3452,Helmsdale Ave,610069794
16557,Cornelius Soliz,521405,3555,Venus Blvd,591545811
16558,Darcey Toth,791184,1727,Elmstead Blvd,445389858
16568,Jae Antoniak,427323,2114,Edith Ave,816027986
16586,Leland Cordoba,355285,2759,Camp Arequipa St,804420360
16593,Kareem Aud,112201,818,Peitz Way,213289436
16598,Jonathan Ronnfeldt,519879,1945,Limehouse Rd,892075701
16603,Jesus Nee,137105,2245,Wood Hollow Dr,406888707
16607,Willie Caulfield,678456,3838,Walters Woods Way,294263625
16620,Kristel Fegaro,195352,2335,W Howell Ave,232910086
16640,Minh Mitschelen,201027,3154,Miller Hill Dr,260760014
16647,Bertram Jorres,497980,3509,Western Elms Ave,447030049
16655,Marina Majeske,263533,52,ZEnith Ave,123454171
16656,Shelton Buzzelle,543195,39,Kanst Circle,981303762
16657,Erwin Danza,659945,3758,Milton Hall St,465919514
16658,Jewel Coney,978026,418,N Louis Ave,761785357
16661,Ivan Capshaws,539108,364,Badlis Blvd,149124118
16667,Bev Bagger,816247,1152,Gas Works Rd,355554607
16703,Tawny Cuther,952331,262,Off Upper Manor Rd,802536722
16707,Stacy Mccullock,894481,3368,Dural St,265987757
16714,Vicenta Husser,477327,3796,Dufranc Way,788471716
16715,Genny Allgeyer,402171,710,Warrawidgee Circle,819176715
16725,Alida Feher,278056,1074,Love Grove Circle,300459357
16759,Rosemary Vidro,314334,2669,Dwas Line Blvd,279332673
16770,Luigi Reuschel,758368,2988,W Demont Rd,724613479
16773,Lieselotte Rebert,935576,879,Bryte St,657240439
16775,Jesse Delira,946970,2067,The Lakes St,549431211
16785,Daron Bartell,588377,3429,Owings Beach Dr,529823782
16793,German Kubishta,843096,3931,Lockingate Ave,876046556
16796,Cordelia Lierle,597447,3429,Lizwelch Rd,747767202
16814,Antonia Schacher,617219,3282,Tusk Ave,656642790
16852,Shona Oxendine,859710,908,Aux Sable Ave,242351531
16855,Glennis Boomhower,931484,452,Felwood Circle,989277246
16858,Marty Sortland,405098,2550,Langness Ave,982467150
16861,Stanley Colson,689270,3497,Teer Dr,695932874
16864,Ricardo Gumbert,985164,971,Kingcup Rd,642325194
16879,Margret Besarra,451075,1526,Barium Dr,802556011
16881,Blondell Dubois,720752,1315,Component Circle,764308796
16888,Deshawn Hendryx,987311,886,Cottall Rd,426102039
16932,Curt Stanczyk,385629,2987,Elgin Mental Hospital Dr,343649915
16939,Dane Nahass,248270,1903,Bewlys Circle,799326478
16957,Greg Grimmius,966620,58,Poynter Dr,295040766
16959,Lyla Keels,908765,2061,James R Rakow Ave,939934683
16964,Roderick Half,532999,2263,Erlanger Rd,870701653
16968,Angelika Spina,243353,3871,Clappers Dr,460271629
16987,Gerald Kozuch,471202,510,E Ross Way,888030775
16991,Kyle Wetz,992350,1826,Moreau Circle,689545692
16992,Berta Malboeuf,561407,3385,Glenfruin Ave,993608488
17010,Norene Meikle,640327,306,Booker T St,271884959
17016,Sung Naputi,750971,1997,Millay Circle,166761092
17017,Dustin Fraccola,965917,2218,Windwood St,450480667
17027,Cory Hiss,727634,2345,Rimworth Circle,112897459
17028,Andre Lindorf,461332,1653,Danis Way,272122502
17040,Russell Dasilua,297720,1625,Emerald Pointe Dr,123699800
17047,Romeo Bierschbach,876238,3706,South San Luis Way,196454177
17054,Blanca Buttross,995020,3959,Hilldown Ave,376013041
17062,Samuel Breckenstein,347391,2450,Waseca Blvd,985487049
17076,Loren Corvo,935114,496,N Nassau St,340756605
17086,Ahmad Meese,350065,1849,Roundy Rd,773689219
17097,Rosaura Bangura,478932,1800,Sandpits St,606921450
17115,Jae Gascot,272187,1312,Club View Rd,204905113
17116,Reyes Knoten,329118,2369,Wigshaw Ave,639494600
17123,Shaina Vancleaf,589176,25,Morinda St,156131908
17125,Major Lasko,147498,3493,Dot Circle,789319423
17131,Lynwood Neitzke,691716,927,Hanger Vale St,432057154
17141,Oneida Turpin,494356,3097,Norgrove Ave,806934038
17142,Herschel Altimus,775281,3385,Robinson Landing Blvd,655811472
17157,Daren Ioele,997703,3999,Hamstead Rd,333959263
17183,Tod Goldenberg,889374,3917,Hickock Rd,600021061
17191,Edmundo Kimpton,858988,2534,Eaglesfield Blvd,716165226
17193,Margery Meloan,912925,2667,East Mount Diablo St,437355232
17197,Keven Lantagne,800363,2011,Welzel St,792523976
17210,Christoper Kercheff,336121,1836,Kings Wood Circle,987670147
17215,Terrance Stickler,726188,3415,E Deerpath Way,333552256
17224,Christa Burlin,115800,1953,Town Farm St,221866283
17229,Tiera Benincase,234065,1875,Bundemar Circle,284872136
17232,Dane Vansant,230021,2837,Yirak Rd,258732883
17253,Toney Imbach,121454,1440,Ricefield Ave,455875855
17257,Caryn Krummel,549486,3356,Hefferman St,462597978
17258,Oliver Grussing,786010,2595,Fairland Way,936883483
17265,Nickolas Ryon,896227,1528,Gartwick Rd,519104719
17266,Deb Zomorodi,634352,2057,Elm Top Rd,697743306
17280,Jose Wai,641731,3364,Danehurst Ave,324073484
17282,Lizzie Ludgood,379992,1656,West Campbell Rd,872894182
17290,Everette Hughson,308327,2348,Collie Ave,210824033
17296,Theodore Bischoff,184652,2693,Chasefield Rd,680524563
17301,Archie Bardwell,125949,1890,Munsee Ave,659435055
17304,Ashanti Kietzer,728630,3733,Valleyhill Ave,223402965
17314,Christoper Moretto,996868,336,J Hart Clinton St,946066302
17315,Gustavo Rickey,632626,1239,Elsdon Rd,711750283
17337,Kurt Hippo,602043,449,Gardenside Blvd,321728094
17341,Monet Engley,723064,3882,Pennyfield Lock Circle,940546935
17343,Mario Reddish,940659,1516,Mobley Farm St,331337799
17354,Oscar Chisnall,144111,2509,Echo Bridge Circle,763515356
17369,Jules Sulentic,868787,3475,N School St,586147234
17378,Jamison Shiner,564639,609,Owls Head Bluff Blvd,763403719
17394,Taylor Profera,118332,2130,East Ahwanee St,163358869
17397,Malcom Bosack,722569,634,S Long Way,710372725
17413,Hollis Dwiggins,570939,1453,Glen Taylor Way,107210974
17415,Doug Dobbs,788702,1640,Grahame Way,346586969
17439,Corrin Olcus,169598,2689,Cawbeck Way,220182218
17454,Jarvis Rollie,738041,1022,South Brockway Rd,459557324
17464,Hung Virdin,869661,3062,Tyre Rd,575540766
17474,Dionne Kroener,267779,2507,South San Luis Way,460791147
17477,Latrina Kus,747535,2901,Augurs Blvd,112654279
17487,Laveta Reyolds,634639,2206,Ardwick Ardmore Circle,898407836
17509,Leigh Mannheim,631149,258,Ross Park Rd,270284990
17523,Alec Backues,448304,2286,George Young Way,306088104
17535,Junie Bostick,736707,1140,Potters Crouch Dr,572810526
17537,Kylie Hatler,443828,1769,Ballarat Blvd,710118708
17543,Louisa Gies,388807,3303,Mitchie Way,241227699
17563,Alex Bill,861785,3368,Brickell Circle,936232438
17564,Tomoko Mathurin,686130,1651,Chipley Circle,455070865
17581,Jenine Kahn,780145,1674,Betty Grove Circle,636321242
17601,Mohamed Kemmer,705570,2586,Skellington Ave,750148059
17602,Jude Millerbernd,753528,3474,Butwin Camp Rd,950319788
17605,Lino Sherrow,803372,144,Tanoak Dr,781009611
17617,Kamilah Teet,189766,1520,Broadley Way,909119884
17621,Mariette Hudas,461757,2442,Eshleman Rd,157197079
17622,Eleanor Keney,305594,3879,Denstone Way,253323895
17623,Hilario Bagshaw,577443,931,Archie Blvd,628934481
17628,Ouida Mcgaha,506406,3703,Kanowar Dr,258964616
17652,Chung Gradney,812736,484,Sandia Rd,326589423
17662,Laraine Rheingold,650548,1785,Cooks Blvd,884121767
17673,Debroah Cser,901514,518,Astan Circle,342829036
17676,Bertie Berardi,444018,1986,Wilhemina Circle,706199689
17677,Lanell Castillero,908255,3210,Broadford Dr,196194128
17681,Shari Barberi,652555,2166,Elioak Rd,925562208
17683,Johnnie Schee,968887,1277,Franklin Ave,815977821
17685,Bobbie Ramiez,493767,811,Zarick Way,313937777
17704,Santo Belile,362289,84,West Ruby Hill Circle,806269236
17708,Carrol Mazzanti,713142,315,Rental Car Dr,832003697
17729,Lasonya Wildey,439686,3824,Northwestern Dr,917817122
17740,Morgan Hamamoto,911479,2937,Volpi Circle,897638008
17742,Danial Bzhyan,216826,2082,E Sitka Way,787114543
17745,Renaldo Argentieri,259166,3156,Hobie Circle,319767852
17750,Kera Claybon,234140,3837,Cedarlea St,998252462
17785,Demetrius Versele,141659,777,Kelly Glen Blvd,479519630
17800,Odell Estala,741581,12,Stima Way,473883206
17808,Claude Sundermeyer,546176,1622,Brookline Blvd,913391576
17817,Isidro Molon,391553,3584,Ashcombe Circle,755737750
17822,Tajuana Mihalek,785004,2933,Maxfield St,792806586
17830,Dorris Swiatkowski,248444,1232,Turnabout Rd,125071601
17834,Arthur Ungvarsky,217493,3013,Sawyer Hill Dr,414804119
17850,Shawnta Vereb,679326,3255,Hillgrove Dr,981219314
17862,Adelia Cavers,512908,3058,Phillipi Creek Dr,522772850
17863,Lenard Luckenbill,473904,1421,Bugbee St,117273843
17868,Davis Varquera,339985,1693,Tide Blvd,705671845
17871,Jack Gabriele,419176,178,Sherwood Park Rd,312174571
17876,Adria Gatta,235572,3205,Lind Way,397501535
17882,Shaun Smeal,153352,878,Holly Manor Blvd,471258386
17884,Hector Cepeda,125430,2219,Scafell Rd,803068755
17886,Dewitt Varas,346601,2305,Hull Dr,431306080
17887,Percy Hasselman,794827,1435,Yearling Circle,812520764
17892,Audria Luhr,288683,3026,Davids Way,628784664
17921,Alfonso Krason,553142,35,Berard Circle,895998888
17936,Karmen Kolacki,841492,2444,East Allendale Blvd,937298602
17949,Carlee Esplain,924516,1265,W Fox River Blvd,784618896
17950,Merrill Huisman,420403,1506,Dormity Way,900051620
17957,Emery Coonrad,217682,536,Russington St,573919330
17974,Chana Rey,704765,1890,Lower Anchorage Rd,945539848
17976,Cassie Melochick,685392,593,Harness Creek View Rd,763352324
17989,Diane Helgerson,553651,3444,Buzzell Ave,573682109
17990,Vivienne Leever,460401,3935,Curtola Dr,948084293
18005,Joanna Simkulet,145329,111,Yearling Crossing Way,321235739
18007,Dusti Meschino,536033,1707,Faneuil St,770311771
18016,Eusebio Wanek,723745,978,E Wildwood St,136771931
18021,Alphonso Seymer,427613,3671,Doeskin Blvd,915496703
18024,Linn Ebia,841626,830,Glengalen Blvd,812195462
18026,Ta Jopling,880721,3243,Spender Circle,105016510
18031,Nereida Hallenbeck,239959,2690,Burywood Circle,970947806
18034,Robyn Tamburrino,502900,697,Dougan Ave,328648242
18044,Roberto Slot,766506,1067,Carobwood Rd,211768320
18052,Emil Harrop,179199,3459,Burntwood Circle,475680212
18058,Teddy Sirois,539197,3746,Knox St,323338573
18071,Cristi Carrauza,551669,643,Ridings St,989621779
18083,Jasper Todman,577631,982,North Lake Ave,829915893
18090,Byron Patzner,330792,155,Magdalena Circle,882560836
18093,Velia Arnaldo,913857,2456,Cowthorpe Blvd,525949327
18094,Hana Kovalcin,820757,3687,Behmer Circle,223678882
18096,Jude Vansant,145898,87,Koman Blvd,489645917
18108,Lue Mccole,666680,2097,S Eastern Ave,972294381
18111,Patsy Allbert,995181,3513,Seamont Ave,180718981
18116,Marylin Dalgleish,193249,1202,E Howell Rd,853130169
18123,King Barth,304456,96,Lionshead Dr,221030389
18127,Wendi Kristof,810558,2750,Leake Rd,587242768
18128,Ghislaine Almy,817326,1294,Springpath Rd,219820743
18130,Georgina Petrusky,408608,995,W Palisades Dr,510328795
18151,Jarod Flickinger,124263,137,Altimont Rd,583083259
18153,Deloras Werkheiser,475274,1565,Great Pines Rd,815376343
18164,Leslie Demary,814242,123,Lambe Ave,225166866
18174,Marianne Hughey,952503,1028,E Cleburne Way,816561336
18180,Roseline Deboe,379511,1899,Nields Blvd,218598791
18181,Ronni Zubiate,123807,1894,Bustleton Dr,991143065
18188,Hassan Pawelk,567779,3532,East Chiles Blvd,283669574
18194,Jame Zarr,869336,3509,Paseo Grand Ave,496126304
18197,Luke Vicenteno,640178,1900,Wiles Dr,933585198
18210,Ouida Lenoci,116374,796,Maple Run Rd,702839542
18212,Kristan Betson,833714,796,Oak Arbor Way,838853405
18213,Lloyd Schulle,815482,851,Pisgah Marbury Rd,304733696
18215,Elanor Hipsley,290915,1697,N Legett Circle,554522754
18216,Mario Tribley,806255,2146,E Addison Blvd,795891925
18222,Lucio Rough,110373,1624,Rawreth Way,123098589
18226,Wade Abuel,707082,3885,W Hawley Rd,684595353
18239,Yuonne Honeycutt,719679,2180,Newsam St,649655216
18247,Amee Poncio,135080,1680,N Flanders St,601710172
18252,Stephen Hauptly,360093,2310,Brewhurst Rd,240951896
18258,Joseph Induddi,497116,1336,W Leon Way,580057798
18261,Randall Domeier,285181,3481,Whittham Blvd,826427458
18265,Timothy Hemans,118733,824,Lowerfield Dr,241339253
18266,Andrew Windam,472689,2557,Brookbridge Circle,175365040
18275,Ivory Soulier,865517,2943,Geranium Blvd,821639485
18288,Carola Wolpe,451736,2453,Kevin Walker Rd,297070209
18292,Nickolas Jenks,211737,393,Holly Creek Ave,440317088
18304,Mirtha Meysembourg,608944,1741,Ryleys Ave,283453604
18306,Ramon Parman,300551,495,Burndale Way,153629165
18309,Pete Pesso,311780,3727,Greely Way,200356913
18315,Jinny Keisker,816867,869,Staci Rd,129253032
18324,Gabriele Fengler,995922,2381,East Carriage Dr,325252005
18330,Marissa Fathree,336307,1636,Kersten Way,886571702
18353,Elna Cutlip,212606,1199,Longard Blvd,222733519
18357,Robert Hadlock,412286,302,Cedarville Blvd,471163181
18358,Julie Santhuff,258674,1527,Morden Wharf Way,177688951
18361,Hai Baise,590590,3506,Hobler Way,668263686
18362,Flor Oja,470725,2207,Parsloes Dr,686509892
18376,Josh Shi,653712,1091,Northwestern Dr,193899001
18396,Dimple Delisi,496169,2468,North Evergreen Way,394488662
18405,Kareem Vinegar,852335,3289,Stuarton Blvd,511555687
18407,Mohammed Furman,910129,422,S Arlington Mill St,144646460
18415,James Luangamath,546336,526,Sherwell Way,101776262
18422,Joaquin Ames,566010,1020,Dennis Martin Rd,988656605
18436,George Berardo,536023,1262,Wild Rose Dr,959905386
18442,Ava Dequattro,133225,2699,Normanhurst Way,167884469
18446,Cherlyn Guoan,463077,2106,Heiges Dr,668582068
18458,Classie Willims,808163,134,Utica Dr,896915656
18461,Adella Demmon,656088,3575,Cypress Beach Ave,406463512
18466,Minh Sabet,792409,2629,Layman Dr,235101722
18484,Bill Brade,664913,1722,Tulloona Blvd,539916639
18485,Malcom Bonny,561286,3903,Hitchins Way,225371314
18486,Cleta Boho,635466,1859,Sanger Blvd,955954682
18487,Inez Laminack,520590,1600,Minterne Ave,998094494
18495,Geraldo Bator,625707,640,Five Mile Ave,465522261
18497,Josiah Moake,546227,2341,Stimis Circle,108979166
18512,Manuel Mcginister,361482,3673,Maille Blvd,656173057
18522,Sidney Calvin,929146,1998,Cherri Lynn Ave,493091602
18546,Robt Jenniges,855829,829,Porter Creek Rd,181934862
18562,Celinda Revard,868046,719,W Village Blvd,277386997
18564,Linwood Fullbright,750535,1643,Bygrave Rd,639372196
18568,Merrill Belloso,797689,2868,Powdrill Ave,566494871
18573,Israel Havener,139551,2524,Cabe Dr,263267027
18579,Chauncey Hermosilla,697633,3178,Pyxie Blvd,345850048
18583,Arianne Windrow,875298,3841,Boundary Oaks Dr,774922421
18585,Luci Retzer,545286,3140,W New St,244032119
18639,Le Quasdorf,852948,3074,Bushberry Ave,746768026
18640,Judie Wojewoda,334172,1944,E Merrick Way,641848316
18642,Torri Kiesz,478446,3646,Yorktown Mall Blvd,772078102
18649,Tommie Povey,773900,2717,Suwarrow St,421173208
18651,Carleen Etoll,356746,22,Franklin Ave,193369255
18652,Efrain Moscariello,920124,2264,Blue Mill Dr,552420356
18661,Jonell Koeller,615766,3010,Ellege St,696642645
18665,Carlos Yballe,204670,2573,Yaugher Dr,883781023
18669,Huey Werstein,278803,2350,Harlington Dr,903714454
18689,Emory Trnong,964164,2847,Fir Bank Circle,860162136
18718,Gale Faupel,521172,2054,S Mobile St,391779079
18722,Jeannine Cantoni,166997,1112,Lamplight Circle,861758498
18743,Stan Lavalley,737325,2715,Apsley End Ave,456910549
18753,Ivory Wicher,432083,2378,Gundimaine Circle,183082266
18763,Wade Derflinger,773582,2323,Cordina Way,904461925
18768,Raina Delling,976676,1795,Tranton Circle,134628616
18770,Elayne Hookano,953826,2777,Bell Tower Ave,617348550
18787,Gilberte Ignacio,287643,365,Slough Farm Rd,462664276
18806,Moses Roselius,946361,3509,Rio Lindo Ave,697192032
18810,Annett Mcquiston,717382,2045,N Larrimore Circle,929807054
18812,Kristian Cluver,721731,119,Wapoo Rd,194828726
18833,Fae Bierstedt,444669,18,Kentfield Circle,546727228
18855,Virgil Hargroder,755026,3684,Big Woods Dr,956358706
18865,Annie Hollywood,922891,1127,Wood Park Circle,903452148
18873,Rusty Goodvin,341574,310,Tamplen Blvd,414057784
18874,Linwood Lautz,812448,2802,Fr St,662394531
18879,Mohamed Traverse,957214,3471,Knutsford Old Way,590602264
18886,Hosea Kertis,586562,2801,Lee Manor Blvd,828247676
18887,Robt Hemmann,408217,3219,Steeles Rd,986887526
18888,Akilah Vida,346382,2859,El Chorlito Ave,932429694
18893,Kitty Pruskowski,700935,3629,Fontonett Way,287264417
18900,Santana Bruegger,638914,1032,Layton Park Blvd,643282065
18923,Sam Kamrowski,461097,499,West Keating Rd,365723965
18935,Rhett Ottalagano,440638,2170,Braham Way,800258879
18938,Providencia Loder,449991,119,East Tabor Circle,808628707
18970,Harvey Dorado,150427,484,Boyes Rd,426152082
18980,Sherrie Cardazone,806080,1800,Northville Dr,601459577
18984,Cristin Canoy,690243,3043,East Sunset Ave,184703625
19002,Shane Vindiola,820748,2431,Bessemer Ave,802520485
19009,Thad Wimmer,882924,2549,Brackenlea Blvd,187926062
19012,Val Strimel,925609,3121,Krings St,279057188
19018,Suzann Arrisola,219016,3508,Cross Flatts Ave,950638482
19019,Miriam Vanbebber,560498,1753,Tunworth Way,595683421
19027,Lila Drozdowicz,114034,3585,Chinaberry Dr,372924837
19048,Devorah Crist,974406,3365,Willawa Ave,983196662
19078,Tamara Jamal,944577,3642,Shelterview Ave,793483065
19083,Owen Bumps,961317,1037,Airport Plaza Rd,150085104
19085,Keenan Iveans,895480,2255,Purwell Circle,228604596
19094,Eloisa Schroyer,814156,3740,Hansell Circle,715181551
19108,Dwight Roussel,201636,504,Queensguard Blvd,367796964
19126,Mercedes Japak,956369,2525,Carraige Rd,626537083
19135,Herman Kawa,762477,2530,Glencorse Way,275072623
19138,Kimbery Pedaci,395276,1980,Canturbury Ave,292581462
19141,Quentin Taque,431479,1625,S Lang Blvd,463511872
19145,Dennise Sutler,310964,1574,Watkins Park Ave,111411498
19150,Dillon Dardon,708916,1665,Quintin Dr,464940507
19160,Lindy Trias,127288,409,South Manley Rd,424542774
19162,Shannon Dorvee,879875,2851,St Heliers Ave,275081336
19164,Lavone Kropff,425032,1850,Tupperware Way,330453860
19175,Palmira Dozar,461956,278,Nutbourne St,616635593
19179,Johnnie Goree,404666,3578,Pecanwood Way,200618623
19182,Vicente Pulliam,531880,2281,Castlewood Blvd,425119655
19194,Henrietta Haneke,946951,3135,Burdell Blvd,741918004
19196,Beckie Ursery,203993,455,Cranwell Dr,144021022
19198,Flor Gutieres,611474,3454,Clove Brook Rd,667268683
19206,Macy Seavey,354331,2348,Larkbere St,718221788
19208,Odell Amble,492127,3743,South Sinclair Rd,421251391
19227,Chanell Andrades,941377,1798,Clifton Oaks Circle,689051565
